monthly_income,repayment_score,existing_debt,credit_history_years,late_payments,credit_score
165111,51,123793,19,11,555
29017,76,370059,17,0,697
97901,37,15096,19,1,634
128000,31,846479,18,8,483
54215,62,735002,18,7,558
27583,18,328035,15,11,339
178991,90,118160,0,3,609
62025,6,532720,4,5,300
190326,9,408916,14,1,530
192347,11,649078,11,11,348
72943,95,518372,0,4,540
155586,2,319006,13,1,486
184488,29,942700,17,4,551
16511,51,97186,17,6,537
164714,69,308762,5,6,537
97151,23,82774,0,8,300
243197,7,896671,16,2,536
197966,56,784912,17,11,540
39225,77,583946,14,3,622
166918,62,617600,11,8,534
44152,74,383195,12,7,543
121053,80,128081,19,11,620
81107,15,924208,1,6,300
196426,53,871976,3,7,447
139387,43,146451,2,8,392
172260,83,578886,18,11,626
75910,85,304164,7,3,605
57530,35,532861,11,4,462
93753,79,415631,11,8,557
56999,14,853100,9,6,336
21609,93,313772,0,3,532
204841,69,52287,4,5,572
193469,49,375982,19,10,568
64322,18,502550,10,0,466
20151,51,263088,8,0,532
21406,1,399056,13,8,307
77678,27,446330,2,7,316
62062,64,301586,4,0,550
226501,60,258153,8,10,512
179028,91,174561,17,1,810
126377,89,700621,5,3,607
68830,41,306422,6,0,505
218753,21,820034,15,1,574
244975,14,282278,7,4,463
28133,20,856152,9,7,324
27209,92,334858,4,5,541
124828,85,463920,10,5,623
238573,87,688014,12,3,727
89681,11,201599,19,1,544
69345,66,270290,1,2,501
57585,84,112188,13,5,631
49638,24,464042,8,5,383
35645,89,512142,9,4,594
33408,37,712910,9,5,414
27521,86,745445,9,10,481
102414,24,904654,18,5,492
143432,15,473596,10,0,497
138520,12,523464,10,5,409
53221,95,903172,2,4,535
115131,64,749778,18,7,594
167158,31,368599,0,8,341
31923,53,720924,11,5,481
96761,94,188603,14,11,597
22202,84,608068,13,11,503
110675,72,139006,2,9,450
243582,44,357525,19,3,684
238549,30,231948,12,2,589
183278,35,179121,17,9,524
165957,21,368499,15,11,416
125443,63,448496,5,0,583
26218,92,95597,9,6,585
60692,17,446620,16,4,463
198761,12,2127,16,3,550
240358,18,206691,7,8,415
112148,92,718096,3,6,543
21716,60,674451,14,9,468
31088,67,927437,0,7,374
46001,15,387697,6,3,367
168656,16,278021,9,9,376
146022,22,952085,6,11,300
19286,95,798951,0,9,427
150811,63,466568,16,7,600
45158,31,532639,11,3,459
115393,1,385367,16,0,505
20605,75,408864,14,10,508
71492,6,319692,15,7,385
18321,87,109538,13,0,695
190613,9,355141,2,11,300
197773,52,500016,18,2,684
245592,80,193895,11,6,675
249261,62,387741,18,2,745
27170,58,241509,17,7,542
71045,19,961984,13,4,424
155005,13,432233,19,2,559
234300,32,998481,8,4,493
243082,9,39253,2,4,406
155978,49,992217,11,7,490
125540,37,231181,19,11,489
169886,31,86967,16,8,514
116101,31,152996,4,5,409
15818,59,559152,7,9,397
23434,55,274637,18,2,615
136494,19,5337,3,1,440
202225,63,63281,14,10,577
45571,2,540323,18,2,457
55694,45,350998,14,8,468
109426,96,238913,13,6,673
133792,43,237798,15,10,486
60485,98,200390,9,10,556
158141,1,734694,13,8,362
72198,85,282028,19,5,694
113316,61,9074,10,7,534
184734,3,879317,1,9,300
103970,91,26907,18,10,653
198241,44,218597,2,8,422
87928,7,366867,3,2,350
162174,33,532912,10,6,468
179529,9,255160,12,8,406
102798,30,466641,17,1,577
67290,18,944760,17,11,354
137664,56,141527,18,6,621
158004,90,243808,11,4,689
26766,84,142266,0,7,454
103247,31,808054,5,3,417
28292,72,485740,2,0,530
232295,63,968473,16,10,576
193703,87,73106,2,9,539
237507,50,21487,0,7,462
87944,89,617,2,5,555
222302,1,110988,3,7,334
121446,82,387529,5,2,611
49533,19,106813,6,7,332
95773,64,637309,7,7,479
139433,53,661645,12,11,457
151850,6,557512,3,0,401
50059,17,983540,5,3,341
137418,46,974730,10,6,477
238169,72,28994,0,10,483
150938,73,324583,7,0,651
88965,55,968971,1,2,450
75661,91,626466,7,2,625
58352,6,809446,19,5,429
125051,70,332653,8,4,579
103373,68,594598,3,11,396
196808,86,736415,16,10,636
49075,40,982758,6,6,375
246461,91,440333,9,2,738
106931,66,246763,4,10,431
228023,9,514752,9,0,510
243594,11,979098,11,10,375
39104,20,741476,19,2,509
80827,43,875067,5,7,379
84222,58,312362,0,4,443
147714,78,261312,2,2,587
112013,26,832822,6,7,355
77845,38,954988,10,5,439
235758,94,304732,11,2,767
23769,36,900823,8,4,403
110369,99,13302,0,0,651
215517,55,448976,3,5,509
65375,6,527522,1,11,300
178150,3,661854,1,8,300
27268,65,190697,16,11,496
156916,64,931743,1,6,453
89174,58,856466,3,10,364
206835,58,780638,10,7,541
117677,18,371878,18,5,502
157305,23,595091,12,10,393
45496,96,448539,17,4,702
163878,29,143618,18,11,478
186398,23,679839,14,5,500
93807,36,560725,11,6,452
185585,70,709227,10,8,554
197833,81,665017,0,7,510
34465,82,612277,15,4,628
185574,95,100265,12,6,703
225468,6,898676,5,7,339
154322,34,279403,5,0,517
75503,44,914958,9,7,418
36310,44,946149,1,10,300
145301,27,849106,2,6,349
108518,52,995133,5,10,370
47206,42,205342,15,11,426
24764,25,724412,5,11,300
201668,74,773913,12,1,696
158914,39,801464,3,1,479
249099,39,872851,14,11,481
235651,12,222202,5,5,419
249579,11,695361,0,2,399
149048,3,26004,8,0,462
153498,22,799602,11,7,415
168959,4,890683,10,6,370
41710,8,475710,12,3,400
56387,14,279986,0,0,358
193542,84,892131,18,1,778
152558,88,484827,3,8,530
185330,14,943571,4,3,391
127418,92,855140,16,2,735
37623,16,969126,4,7,300
38806,32,560483,18,3,527
152045,64,128138,2,6,492
192287,76,958070,10,4,625
129162,16,7736,1,4,362
192011,52,572546,13,10,509
175229,19,358948,5,5,405
20521,69,829907,18,11,499
27891,12,568799,0,3,300
97331,93,266350,6,1,662
37474,5,903320,1,5,300
172579,42,19348,18,4,631
25687,17,56057,0,2,331
113550,72,691441,8,3,580
157081,94,375503,16,2,775
103762,10,117615,9,2,437
103484,84,500393,5,3,588
115475,16,979712,2,1,371
59291,16,418070,19,3,505
63296,42,280176,14,9,451
55225,3,316823,19,10,363
233710,23,783534,5,1,489
49828,86,160344,2,9,461
182174,28,369798,9,7,445
202414,45,761848,11,9,480
48712,68,638457,0,4,442
41823,24,297253,15,6,441
151433,19,50670,16,10,440
106374,75,493358,9,3,603
95174,40,312166,11,9,430
53052,46,398754,18,5,553
38265,40,568525,7,11,321
105287,62,664893,7,9,447
57012,18,977154,9,3,388
25916,12,988517,9,5,324
140462,14,795795,17,0,550
90045,82,208872,9,5,597
191604,61,46304,6,5,561
242710,12,246888,3,1,462
193731,27,536107,0,11,300
104860,6,536479,10,9,313
160075,88,6499,18,9,688
239551,33,587289,4,8,415
57634,80,634671,7,5,538
244709,50,541956,1,11,395
110479,12,664122,1,10,300
89992,95,883260,13,6,634
26369,57,674608,8,1,522
34329,53,890781,9,1,515
224826,13,700304,12,1,528
101700,72,207941,0,9,423
117960,3,378809,13,10,332
27410,64,261566,1,8,385
175802,84,882620,3,2,604
148737,58,631230,18,3,658
185971,4,13070,0,0,404
183775,45,615680,3,0,532
212023,66,97164,10,3,655
245083,36,693167,12,1,607
170244,23,875391,17,7,484
17684,19,441249,9,3,393
219102,40,418428,4,2,522
165822,72,625565,0,2,543
34887,16,4626,13,5,420
166898,58,49270,15,11,540
152252,18,827199,17,5,492
61779,36,847937,2,5,349
83095,24,2292,2,5,358
208360,1,378936,3,7,317
186977,1,801291,6,7,319
215579,64,423801,12,8,582
142510,62,999847,8,0,597
116261,36,397035,2,9,335
71068,75,635274,16,7,590
33113,18,525568,14,4,429
57861,16,456696,9,2,418
93487,17,471993,14,10,368
40617,24,145219,0,9,300
113330,98,740712,9,2,681
148655,68,246522,6,5,553
237236,99,722525,6,7,641
41250,79,497019,2,9,422
18055,2,795066,6,1,328
87337,95,330694,8,11,530
180498,73,141845,7,8,553
142615,10,673241,2,4,334
117255,53,979100,4,4,458
75532,89,663640,12,0,698
104376,51,59593,12,5,547
24933,69,156627,7,10,433
46979,14,303565,17,10,373
60047,66,609760,6,4,503
19137,82,158404,9,6,549
26423,93,306732,9,6,579
104851,53,879045,10,3,531
49482,84,925141,11,4,589
190228,64,90491,12,9,568
67483,72,86416,7,7,511
247723,49,308302,16,1,703
49754,90,578086,13,0,701
182384,62,969639,16,5,623
38363,37,671515,18,10,433
32085,49,986100,15,3,528
71889,68,963969,8,9,446
117090,33,834513,19,2,584
94951,22,974490,9,6,374
143227,70,318100,8,7,543
144925,33,826710,0,10,300
71414,28,68486,2,11,300
132159,88,184764,10,3,677
193124,4,833587,6,11,300
101934,66,89338,17,11,550
47691,77,661423,12,9,513
218267,49,341885,17,11,547
232252,11,568978,15,10,426
69697,35,913736,15,10,403
149116,39,681867,9,5,479
18883,10,7661,8,10,300
46712,74,167261,7,10,458
230932,72,231366,18,1,787
128655,69,144129,2,7,480
36545,23,216848,8,5,383
33204,34,361930,1,10,300
38268,32,952817,18,8,437
227370,16,299132,7,10,369
239979,68,143563,17,5,713
99383,54,322303,7,5,493
182211,28,819842,4,11,317
221724,60,341012,5,1,612
241733,78,193101,9,4,677
134755,76,558642,14,8,593
111940,60,346473,3,0,552
43436,85,6504,2,3,551
214396,80,356105,8,9,577
243757,44,816243,15,9,536
150197,2,966710,15,2,462
215214,23,803657,14,0,584
187606,93,498448,8,0,732
113524,46,751869,16,0,624
101842,73,627179,11,0,654
57973,54,254936,7,1,535
91369,71,92732,13,10,534
102533,93,150362,17,4,734
48521,81,775136,11,1,631
241556,9,501706,13,3,512
153560,70,731020,19,8,627
54974,44,496576,4,2,449
138900,84,235358,0,1,597
57448,74,788704,12,3,594
22938,73,137213,13,8,534
197185,12,327124,1,3,386
119262,97,843599,15,11,601
161842,32,942182,4,4,419
198707,34,861129,0,3,421
218243,83,656431,11,7,636
220237,33,148192,18,3,638
203894,64,91477,9,1,665
64934,48,235752,11,11,412
80526,16,679493,18,3,496
112204,50,921134,15,1,604
36487,23,852195,16,8,393
199391,26,637934,12,10,422
27869,54,865976,6,7,396
220827,44,185935,2,8,434
186869,37,972812,4,3,460
202370,9,282098,3,0,446
129576,94,385468,14,2,741
97209,13,892729,16,6,421
97299,60,342355,11,0,624
59933,80,849219,13,10,515
91579,2,656979,3,7,300
155642,95,864853,16,8,668
152958,60,198812,10,7,543
213566,57,601518,5,4,543
189159,43,634410,3,11,363
105177,19,171414,12,10,372
82719,11,402589,19,11,383
109606,78,273592,14,8,597
149846,47,967453,17,3,602
44018,89,162282,16,8,622
100839,63,418626,18,0,702
160344,7,196119,9,11,318
168658,79,255984,4,10,501
48545,94,946532,11,2,648
17566,31,199372,14,3,488
91489,88,829801,3,10,456
80355,55,195807,7,9,432
177768,25,904804,19,0,617
87940,72,273611,16,11,544
141731,30,139271,5,5,430
113382,36,27095,15,3,568
213189,50,633003,4,3,526
225674,14,229071,13,0,575
186807,29,301151,1,4,418
219447,27,785057,16,8,499
246538,50,118562,5,5,543
138865,36,965215,10,7,433
196709,34,800049,1,10,328
37129,21,552592,0,3,314
45845,38,986369,4,8,317
94449,75,96729,7,6,548
212572,97,186293,3,6,629
25739,79,732459,18,7,595
204244,76,71120,4,1,652
148745,88,598629,4,11,489
249669,50,877232,15,5,614
46171,37,74625,17,6,511
104179,75,931143,10,2,609
115022,19,155757,16,7,463
156696,1,520901,2,0,380
212836,81,589704,17,0,795
123906,40,113792,3,9,372
67930,55,60356,18,2,646
180680,80,273254,8,5,624
64649,26,623752,4,6,335
228528,43,241549,3,1,548
165761,59,970266,15,5,596
78503,51,676488,9,11,390
218732,15,629923,8,4,449
188196,8,538972,15,5,471
131659,94,444371,19,0,820
111875,14,113102,16,9,418
153659,97,810851,17,6,715
149599,7,784002,14,7,399
179139,18,656887,19,6,517
66538,12,932724,8,8,300
215571,2,416918,5,0,447
52455,50,370553,5,9,376
248547,93,782581,10,8,651
35243,21,552045,19,10,398
138793,7,833096,2,10,300
178765,91,209693,11,2,733
126371,12,912658,14,1,487
84231,84,801637,6,5,547
89648,57,775217,17,10,504
47059,78,322351,14,4,624
204939,74,545282,7,3,627
87778,23,489697,8,3,428
90477,30,645697,14,7,444
70283,58,254457,15,9,513
78853,95,86170,19,2,780
35001,52,108502,2,0,489
17700,56,30569,4,4,455
196229,10,882143,2,7,307
164157,19,110702,1,2,414
209955,19,268770,1,1,446
132990,87,625447,3,0,632
204219,59,528252,2,3,532
28339,44,253695,8,10,366
161906,59,964881,11,1,614
222692,96,374938,8,7,659
141378,84,280202,18,10,641
44543,4,222374,11,9,300
50930,97,242706,15,11,591
187146,65,166232,0,8,461
243510,13,147334,9,9,409
206745,67,367326,9,0,679
44044,12,768568,3,1,342
93673,93,493441,10,5,631
180977,55,749861,10,9,490
200076,61,666244,10,11,491
208833,95,783821,5,6,618
217556,41,4433,14,1,656
127997,36,345891,1,7,363
244175,2,338371,2,9,300
242797,22,817495,4,8,374
243479,22,819916,10,7,449
98725,41,873212,11,8,427
234405,95,614484,2,5,622
215177,14,954040,8,10,341
41012,93,292228,2,6,517
209768,35,638743,1,5,419
93513,50,286946,5,6,445
112585,9,773405,5,2,372
36694,96,238875,16,3,711
190460,59,581300,7,8,498
113760,56,638898,0,2,469
228440,91,774252,7,1,711
47835,10,413830,14,11,312
133777,25,463785,17,10,443
213470,45,332066,12,6,558
33186,97,208758,7,5,594
175617,11,8157,19,2,580
59391,9,573030,17,5,428
120858,7,227016,12,6,402
219927,71,531963,13,5,656
119199,34,288372,14,0,590
191860,83,804683,5,11,497
43401,20,23349,0,0,380
112764,89,129417,6,8,558
73611,5,311322,0,5,300
27202,93,867794,14,11,532
209440,55,776204,5,1,573
249891,91,766505,4,10,557
231730,89,205732,11,0,784
48135,15,137660,2,10,300
103121,48,620767,19,11,495
128944,4,769486,13,1,460
128765,78,653332,5,7,517
78535,81,87687,3,4,548
160969,21,652613,14,6,467
132328,80,63196,16,6,673
167363,90,508370,4,1,658
244434,9,32400,5,3,452
199480,66,515593,9,1,652
219902,79,275680,8,6,625
200165,35,395916,3,4,459
150579,88,746970,8,0,689
130473,51,991849,7,1,533
174926,78,932619,2,5,529
128056,37,708289,19,3,591
30475,6,700873,0,6,300
190977,82,608895,19,1,792
94870,86,562388,4,11,457
99366,82,219798,2,1,591
138836,51,414656,3,11,370
107814,66,222688,18,5,647
99285,96,503679,14,7,652
242119,17,557235,18,0,629
249077,65,335676,15,4,696
55185,9,240153,7,0,414
79398,13,342542,13,10,344
236680,58,59413,4,5,554
111682,30,234840,0,6,346
91593,31,416320,18,5,527
172499,23,258810,4,8,364
122518,63,344985,2,2,526
70535,28,560148,16,7,451
124626,59,979688,6,2,530
129190,10,464279,16,10,386
222644,89,386534,12,11,617
209762,90,503311,13,6,694
29060,26,538015,11,4,421
196713,77,226575,10,11,555
159679,17,519372,0,0,410
246710,40,875817,2,10,378
78560,68,920223,11,11,451
210285,23,778161,8,3,478
104610,35,507432,1,10,300
207848,75,375915,13,8,623
194936,76,668284,4,7,533
231381,9,795647,2,2,400
47970,79,245911,11,1,646
244606,45,614412,11,10,492
174282,37,615114,6,8,413
59088,69,584782,0,0,513
206107,19,703369,2,8,331
26683,75,871977,10,11,438
149034,73,949416,12,6,585
115631,99,254200,9,11,569
208320,27,787576,18,1,618
241608,13,905602,3,10,303
240745,57,430518,4,4,554
181624,60,650511,10,1,629
126789,12,866603,8,4,384
245179,9,230096,12,6,470
60321,92,971224,16,4,667
193422,77,380061,14,1,737
78565,84,459758,12,10,542
135454,77,381560,10,4,623
189933,27,732386,0,11,300
185236,90,158116,7,11,561
97095,63,727995,4,9,413
128610,93,241687,15,5,708
191035,29,642789,3,4,426
217299,22,537,18,1,639
18532,73,638521,17,5,597
129527,88,76552,1,5,560
166805,19,297597,12,11,383
98463,38,1980,15,1,598
189186,95,857874,7,3,670
225090,39,164379,18,6,612
238289,15,88966,2,0,480
20456,54,700204,18,0,624
18413,32,683989,16,10,387
22085,46,420991,8,11,347
174009,61,433245,16,10,562
35563,93,620222,0,5,496
220940,52,717220,3,6,477
52575,34,720143,14,11,374
22386,73,254435,11,4,570
237945,35,41988,16,11,517
115244,70,448668,11,9,524
74150,37,655411,15,7,466
175644,78,811250,12,10,559
141053,61,394902,10,3,592
245032,49,936709,14,2,642
181343,9,253880,15,6,467
195882,19,401312,5,3,443
210332,87,108336,10,0,761
91566,28,991656,14,10,380
159210,80,698447,4,7,526
144549,26,385718,2,4,394
193441,38,794977,1,7,383
161718,40,757354,0,7,365
43812,25,378521,14,11,356
103958,99,794916,1,4,567
91181,69,983756,19,7,598
29628,71,285811,5,6,476
39486,23,594399,11,2,444
234017,89,785695,15,3,757
138934,65,523931,13,10,523
54266,22,610780,3,11,300
103268,64,651288,7,6,497
61557,68,76206,11,3,596
231033,58,670997,13,5,617
223803,28,475098,19,11,501
230330,78,616764,12,1,729
31494,97,98941,4,11,477
167643,68,302891,11,1,670
49486,75,321893,9,2,596
234508,96,795923,18,9,718
76635,4,839532,12,6,346
146197,1,123569,8,2,421
63814,26,930135,10,11,307
138141,33,480686,4,2,458
165390,81,682542,12,3,673
77363,27,8903,9,9,374
58162,42,879154,17,5,514
142083,69,319926,14,0,705
22590,71,77261,19,5,636
49850,64,864038,11,7,487
158206,25,822541,3,11,300
145091,72,81604,4,7,520
40230,98,595374,7,5,585
30058,4,715796,4,5,300
94837,12,673527,0,2,326
118397,58,25443,17,1,687
42039,95,735584,18,6,666
211892,11,443856,18,7,496
53334,59,115155,9,9,454
58525,36,130560,8,5,437
141681,22,497103,0,4,356
99194,65,160620,19,3,683
174515,50,208721,2,0,548
18972,4,848790,12,8,300
79936,72,349969,5,10,441
106703,89,149232,5,9,529
225287,92,885817,17,3,778
124877,52,439421,4,1,525
44519,43,324424,16,3,553
237312,46,478061,2,10,407
117417,4,298996,4,4,338
243556,13,307165,2,1,453
225986,38,892364,12,6,521
90864,45,6195,14,2,590
70881,25,721907,16,7,436
39732,67,417502,14,3,599
163745,55,951085,4,11,383
90909,96,77674,13,10,610
20720,39,518412,10,4,446
74115,65,288863,13,2,620
130843,75,885008,6,10,465
66940,2,834882,2,4,300
151225,69,806460,19,8,620
86762,86,540480,9,10,519
214584,62,607924,10,1,653
184091,46,71812,5,6,487
247875,77,27551,4,9,558
99833,87,120920,19,7,691
162659,31,989868,12,2,524
33206,99,719671,11,10,544
106471,35,61444,18,3,590
110169,45,688484,18,10,492
25736,77,275798,4,9,437
121937,54,203,19,1,697
153043,71,675489,8,9,507
71577,69,640572,3,8,427
221115,29,334294,14,2,594
171796,72,768463,2,8,471
146003,8,688624,6,6,339
102702,54,930493,19,5,591
93694,7,389956,19,10,392
106310,83,180286,13,11,559
70155,23,460331,13,10,365
143491,32,979182,8,2,478
157180,62,188955,2,10,427
92613,45,446661,8,6,453
215783,68,725772,3,10,462
71938,30,368298,16,2,541
116163,39,200733,5,10,367
83498,5,510617,15,5,411
225224,67,922832,17,7,641
243861,22,390206,12,4,532
32751,28,704328,6,10,300
126161,22,697400,2,10,300
216818,86,321343,5,2,673
47390,98,843471,2,5,528
116213,29,863664,11,7,415
123712,43,625971,4,9,370
247781,42,575038,16,2,656
162065,60,16119,9,11,485
75403,77,286161,6,10,467
41859,71,179852,3,10,406
166950,74,157276,9,4,629
226531,92,412778,6,8,612
114124,68,941932,10,9,488
140940,59,256599,7,9,472
42100,96,21497,7,2,648
235694,86,265516,4,11,540
208356,84,612971,4,10,521
206048,84,803885,6,1,667
186095,6,637004,3,10,300
132350,73,314072,1,7,477
193781,28,820392,18,6,538
136792,77,17197,1,11,443
244179,31,99456,15,8,541
222625,39,186056,11,3,585
69524,50,518851,14,2,574
117757,78,657243,9,9,521
100049,86,278795,5,4,586
59974,37,527100,12,10,389
192550,88,95981,5,0,706
68768,72,242248,1,4,490
226468,15,268706,13,2,547
219694,51,465765,17,0,714
63544,70,522082,5,2,540
164122,23,783520,18,4,539
165856,25,332857,13,4,514
26774,95,806901,12,9,551
181040,46,180607,7,11,426
204308,93,454516,4,7,597
92678,23,379682,12,10,370
65135,10,96765,5,0,408
169079,73,487853,18,6,674
40158,77,879955,10,4,555
86587,32,88641,15,2,555
243184,51,220075,4,3,560
150187,41,607257,11,2,553
230632,65,280361,16,7,654
74317,65,96844,1,3,493
21371,40,140061,9,2,485
109226,18,692595,14,1,505
54355,36,609183,18,2,560
112956,31,726051,19,6,520
189447,54,187922,16,5,634
128538,63,522005,18,9,577
220688,1,515904,18,11,407
213491,52,767800,12,4,592
216429,57,181514,12,7,586
117126,9,335641,15,10,372
23338,86,679343,2,0,562
168079,92,269330,3,2,649
17477,90,400722,6,1,607
224743,74,434242,2,1,622
57423,56,701430,8,11,383
90973,47,180023,7,10,399
194172,3,882193,17,11,375
221110,2,648560,13,0,520
44236,54,794223,19,4,582
146440,37,192407,4,4,456
40839,56,93133,2,2,474
132537,31,72306,9,11,381
126902,97,796325,10,11,557
116051,96,156226,16,8,679
219170,12,89854,7,11,346
22139,58,443973,8,5,472
173213,67,716747,7,9,493
123314,26,171827,19,5,547
79262,78,891901,1,9,412
152776,12,931018,3,5,330
147959,90,424574,15,1,761
26975,16,219046,8,10,300
146616,53,387002,8,9,461
99984,72,627097,4,9,445
103366,49,486208,2,7,394
192395,49,547919,13,5,576
135491,92,267951,14,2,743
65382,7,989296,5,9,300
38926,15,780910,15,8,363
111538,36,473908,9,1,519
128117,72,654472,13,6,593
28333,74,536196,11,2,594
31942,15,679795,8,11,300
226292,62,783175,18,5,672
237696,18,987324,11,4,483
168519,46,586004,12,5,543
89397,61,30432,12,7,541
170905,43,997478,16,2,604
229062,44,100458,1,1,537
212658,99,695870,19,7,760
232030,66,407443,8,0,677
36530,55,473017,7,1,519
62060,86,215796,6,9,505
96292,79,673964,4,0,598
215630,39,356245,18,4,630
56104,5,491340,2,7,300
17634,57,893926,12,1,549
211282,15,228682,5,3,446
238753,91,738001,10,3,717
22288,16,25790,3,10,300
220600,57,779933,2,10,420
49253,82,482110,3,6,491
141628,99,424160,2,0,670
42005,25,939691,12,8,358
64824,22,707906,14,2,480
92702,31,921529,11,5,437
239673,34,679872,14,9,499
199646,87,409123,10,4,684
32798,16,473221,10,3,400
206784,70,824356,12,8,580
175373,59,571484,11,10,501
70267,15,931914,5,11,300
149966,82,174835,19,8,683
18846,13,452790,18,0,510
78571,24,365260,18,6,486
29481,13,664010,2,9,300
139908,65,835258,15,8,561
57154,36,943781,8,4,418
197248,49,320114,13,0,662
144447,82,657816,2,7,506
202700,48,409806,2,4,488
241829,97,814324,19,5,794
23048,43,804172,6,6,378
42386,6,176800,18,9,377
179408,81,798220,2,6,530
119794,68,351525,0,11,384
169925,14,728052,11,6,417
49713,30,899001,5,0,428
203762,84,663511,6,6,597
162863,8,812947,1,10,300
215836,54,666347,17,2,683
92481,66,733456,14,4,594
187645,4,317818,14,9,398
54899,74,723569,9,4,550
105217,84,309911,16,7,647
246594,60,115737,17,6,678
29975,53,203431,17,6,545
88247,99,301788,14,5,694
125295,74,511908,5,6,524
134045,92,825173,8,6,600
27105,15,851553,10,4,364
64645,1,729178,14,4,386
145291,22,434651,2,3,396
45146,91,401272,18,3,714
226846,93,755710,0,4,602
149940,15,218299,16,9,436
199609,74,499256,10,8,581
59294,84,749497,17,10,571
207336,22,969922,10,11,365
90596,50,86549,6,5,476
151505,48,428729,0,7,397
37612,73,482159,11,8,508
163894,51,286804,3,11,388
49120,96,2639,7,3,637
187076,17,611144,14,11,395
36294,83,983116,10,6,537
99300,91,858441,7,4,598
216168,51,272766,11,3,615
97119,37,118192,2,11,309
96096,98,280952,3,6,570
150496,49,448852,11,2,584
55615,59,464048,7,0,556
41863,10,916905,9,6,314
44469,30,285095,0,8,300
118101,85,641197,12,1,693
169256,21,197013,6,6,409
104446,34,247889,19,9,499
127613,73,176148,2,1,580
234012,98,645810,15,2,805
132456,50,932849,11,9,453
181247,76,131469,4,11,488
200721,47,538953,17,9,554
78872,85,538848,7,2,612
215399,84,288520,11,11,593
47208,6,413073,2,3,300
198517,50,719628,15,5,595
66998,63,884474,9,2,547
71994,12,894736,16,8,376
198535,41,758653,9,1,566
74895,31,151382,2,6,354
221237,2,804760,1,5,319
47894,16,172469,13,1,480
36990,1,693519,8,10,300
188652,4,382231,16,2,521
88230,47,753886,3,5,409
51087,65,968266,14,9,486
23673,52,728726,12,3,513
184271,47,714664,18,0,684
47187,99,573286,8,0,677
215986,77,905724,3,2,602
38553,50,326997,7,7,421
198359,45,102304,14,10,520
58780,42,412264,13,3,523
119794,95,312361,2,10,502
234132,84,963759,16,0,790
97158,56,480500,7,7,462
16420,71,189692,13,9,508
193512,57,726289,12,5,583
211948,33,777150,14,0,613
59310,28,154957,10,11,342
58953,44,852571,14,9,432
19987,56,333975,11,9,439
237670,44,958652,8,5,517
191589,84,531391,14,0,766
47456,96,942755,0,9,439
133763,73,800978,11,9,528
184252,34,255948,5,2,503
208309,14,146528,0,1,425
236916,68,280372,18,3,746
100398,29,997714,12,1,502
203577,79,262190,5,10,528
219278,17,328499,16,4,547
132183,83,429791,12,3,672
104782,9,740302,8,5,354
225374,27,394296,7,6,457
137740,49,986186,14,11,451
44681,79,640253,17,1,688
23323,37,863894,1,1,383
82393,28,15930,1,7,329
193295,50,899908,10,8,490
111123,55,80823,0,4,457
106354,4,957013,17,6,406
206904,85,362665,6,11,538
171319,98,775313,16,8,688
113808,19,723782,15,0,534
230148,37,78880,6,7,477
237445,4,218626,6,9,346
23484,37,172827,1,9,300
176754,51,707840,4,8,433
243315,32,7293,13,8,527
85459,45,592830,7,9,389
142162,12,60528,11,6,424
188091,41,417572,6,11,395
96456,56,108885,5,11,396
189335,80,954415,12,11,551
168010,14,145771,11,11,365
69890,54,159506,16,9,515
28319,63,578957,15,2,600
122697,65,279746,0,4,485
141193,58,171858,6,1,582
74432,96,796384,2,10,463
206844,21,828116,5,9,348
152972,4,116032,2,2,373
82696,73,947993,2,9,407
162308,46,557193,7,6,476
210327,86,840034,13,0,759
71485,12,177996,8,2,414
137359,30,537669,4,4,417
208365,94,250666,14,10,666
152293,96,996933,16,3,739
40294,60,290274,9,2,548
156110,71,554703,7,5,563
231259,81,180200,17,11,656
199721,65,84679,5,5,566
169432,14,115458,16,3,537
23255,44,131460,3,8,348
214307,26,601940,14,10,451
124429,91,150878,9,5,644
102464,16,64333,12,8,396
194241,7,760676,0,10,300
146444,32,110930,8,9,409
199251,89,523940,4,9,550
203721,95,266996,10,1,761
127848,16,770643,3,5,336
164970,78,401843,19,3,745
196155,89,714177,15,1,771
38855,62,684408,17,4,588
49758,30,362430,7,2,440
155679,71,747910,1,5,495
120094,12,113120,16,10,401
89089,67,600884,9,7,506
20383,91,766065,12,3,627
75112,46,388841,14,11,435
146787,83,451333,8,3,639
155909,43,780166,7,4,485
203958,55,794641,5,5,510
196771,45,577770,3,10,390
94486,60,824629,17,6,574
88528,71,339838,2,5,488
172889,80,673436,3,6,539
195875,32,117458,12,8,489
114354,8,987416,19,3,486
224965,77,119614,10,9,603
85278,62,478403,7,0,579
206417,75,451698,13,8,620
28369,20,613772,13,6,389
75428,18,673439,15,3,469
151116,6,931482,13,9,351
80123,84,706098,0,7,458
221896,96,799137,1,11,511
105914,29,420123,19,6,523
153333,4,840264,0,11,300
33064,71,349511,10,1,600
221407,43,316756,5,0,577
215130,84,633453,14,8,654
28690,34,859933,11,6,401
148129,71,10248,4,9,491
116025,33,833420,11,0,533
183661,15,89169,13,3,518
115867,96,619327,13,4,691
29559,86,7461,18,4,692
159764,40,158070,4,4,473
63429,93,668181,2,10,453
211810,89,544158,17,2,791
245317,5,537698,5,4,406
31972,78,87721,8,3,581
56530,50,19133,6,4,477
221145,99,876137,17,6,752
138297,66,809791,1,4,484
213250,89,716745,19,7,729
16365,54,551688,9,7,433
211616,80,34173,11,2,724
64683,46,11179,1,4,419
109356,80,888311,12,11,514
144406,11,192958,7,3,422
73896,49,35495,6,4,482
114339,99,268631,2,7,558
164073,23,539048,7,3,454
152794,55,389744,0,4,465
35100,5,91975,14,6,378
135763,64,616753,0,2,505
163532,35,727187,11,5,492
235595,93,291547,10,8,665
76645,69,723397,15,10,516
84551,54,115625,3,3,484
214570,3,895008,1,3,345
19840,6,1755,2,5,300
196136,87,652788,3,5,587
101069,56,691518,17,2,630
100990,2,71352,11,0,463
63105,82,476352,0,2,528
20699,94,425832,2,7,490
151994,38,378035,3,7,399
170991,56,198498,5,5,520
204608,5,863191,16,6,452
172580,46,636421,7,1,553
102200,11,418182,17,8,417
112806,65,531976,15,2,650
171350,10,760164,5,1,420
160934,41,170556,18,4,616
159670,44,715215,7,0,553
213506,90,945057,3,4,608
234547,33,855714,8,9,427
141473,91,974946,7,3,629
242896,56,673939,18,11,577
170846,12,144086,0,5,340
198456,2,48443,3,11,300
17822,1,173033,9,4,334
183324,65,974005,7,8,497
105585,33,189986,2,4,404
102420,86,381230,11,7,598
28052,76,560685,8,11,434
98574,36,335446,2,1,448
228583,21,464899,3,2,458
145171,84,375561,5,2,629
246224,36,243818,8,2,571
134879,26,178250,1,5,373
159341,47,1063,1,6,440
214649,95,467582,17,6,753
31551,1,402550,2,11,300
84915,38,75848,2,6,383
22661,14,942631,17,11,320
210619,90,167115,5,2,688
87503,46,328656,0,0,468
110406,42,634975,14,5,520
206686,7,126230,10,2,489
227282,55,502926,9,2,618
100930,56,785522,3,2,487
159603,76,732635,13,8,588
167442,63,659429,1,11,391
199072,24,261252,12,3,536
164637,83,914599,15,4,684
139534,73,670964,11,2,641
146904,99,14612,4,9,574
193050,4,966606,18,11,384
229013,42,563458,2,0,537
156257,96,176173,19,11,684
149564,70,590169,1,3,526
204310,28,693070,16,0,618
73859,92,478078,10,10,543
59630,40,908524,0,10,300
211896,51,902196,18,6,612
186656,29,140435,7,6,454
16076,42,921274,10,3,452
128868,69,906772,7,4,545
180211,5,830553,16,9,396
212682,41,73960,19,6,626
183774,61,11990,5,5,549
173607,55,991088,6,3,527
113343,28,94258,12,3,511
209809,41,127640,6,1,567
78705,9,503619,10,9,311
215882,29,306803,9,1,557
174270,78,556425,7,11,503
129870,38,15573,9,3,523
110395,62,410050,10,4,564
205185,54,9554,19,3,709
118800,52,229726,16,2,636
60760,34,894236,10,10,346
203912,37,757668,15,1,617
138476,49,994157,4,3,471
50276,42,217670,9,10,382
223626,14,868596,19,4,549
76913,82,709157,4,0,596
204100,33,13015,19,0,690
88608,98,922238,8,5,606
28348,92,897607,2,4,514
61678,87,59617,2,10,459
160024,17,998202,9,3,436
129369,75,704952,6,0,621
15318,32,634329,1,11,300
92354,79,75195,7,6,560
41011,68,382747,11,3,574
33787,39,999835,8,2,443
127286,94,951085,10,6,617
124160,10,684277,18,1,529
209500,87,774726,19,9,689
158588,24,214722,16,0,602
114032,58,137715,12,10,495
180127,69,13269,0,3,551
117305,64,280502,0,7,434
23752,19,492069,7,5,344
212983,8,622317,12,8,405
139345,71,521579,5,0,611
95506,40,83857,2,0,484
205922,13,393419,15,10,426
125382,27,520542,9,4,452
113328,82,192830,6,5,579
163610,88,343398,2,7,547
27657,2,364036,13,2,405
163915,16,56235,15,5,502
96119,14,297448,3,2,378
36491,17,284316,12,7,372
118010,60,598122,0,11,350
192503,70,872163,4,10,461
143801,99,494221,17,10,669
209547,17,569145,11,3,498
57180,45,141483,10,1,542
33540,38,269969,8,11,334
217587,64,621062,6,8,515
206707,6,694102,13,9,388
22943,60,905056,2,7,370
135730,49,987130,15,5,550
23911,21,975805,6,2,365
186326,99,416556,0,1,658
245481,23,813583,5,3,464
78000,76,43327,5,3,570
84305,57,140324,9,0,597
17479,64,821746,11,8,457
25112,29,200344,18,9,436
124575,27,833800,5,7,354
216339,6,847542,13,6,432
208684,21,390811,2,5,396
222969,71,919176,9,2,647
247548,41,785291,8,3,550
61809,80,459153,19,1,727
47205,5,539610,18,6,407
236177,15,746073,14,1,558
218676,21,404407,8,9,401
152629,58,954585,18,0,692
182170,4,407881,7,5,381
184862,69,848057,3,3,550
125947,7,579792,4,7,300
49826,35,962098,18,0,571
168146,36,57631,13,8,499
141201,15,835671,17,5,477
102691,92,711658,18,1,763
131558,2,507823,5,7,300
116925,57,366727,4,4,494
248367,5,228121,10,4,470
111320,71,789399,4,4,517
47401,86,561306,7,6,539
157637,95,183758,4,6,606
105236,32,942299,10,9,375
79702,72,452042,12,10,507
195998,41,68774,5,6,478
226945,42,663873,4,11,387
157184,75,854706,17,9,604
94297,65,332616,9,1,603
123327,40,521777,15,7,505
154957,83,296748,13,0,744
147448,38,248319,14,1,602
152011,42,751702,2,10,341
188021,37,591392,2,6,411
148918,56,108818,11,3,603
87353,71,620684,14,10,521
22430,55,982733,10,9,401
172400,89,702175,9,9,580
157223,54,529008,19,8,589
205869,22,565013,14,10,436
173691,27,830355,17,8,484
49484,47,991584,13,2,526
139506,38,484356,5,2,484
173736,39,301437,13,8,501
152852,15,736979,15,9,406
214939,66,728831,1,11,421
43604,61,816461,18,7,547
122385,60,979418,4,0,542
32762,8,813017,10,5,332
134272,44,58271,10,6,506
169837,43,974877,18,10,504
209798,6,679258,17,7,460
183115,84,809881,7,11,516
233530,27,399953,11,11,426
205123,45,35308,8,1,601
104230,23,458710,2,0,422
156628,81,478955,5,3,607
94091,13,385518,0,0,370
129919,68,843607,16,1,680
145731,84,291203,2,2,603
25004,64,156520,17,3,623
205028,25,937212,17,11,445
118726,86,868981,1,11,427
166882,52,658346,3,5,468
208072,48,778269,0,7,411
222796,61,384911,9,8,549
15247,17,483069,4,3,334
166834,40,52934,4,0,541
126902,75,484134,8,4,589
60995,89,661845,13,4,641
74423,69,227112,12,8,535
225419,85,382238,12,5,697
215349,26,780208,0,4,394
76969,80,118156,16,9,598
44052,56,351208,19,9,530
64214,40,273916,7,4,451
180391,85,993192,2,7,520
217914,96,667891,16,10,680
214613,68,581852,11,0,698
83858,8,775323,17,4,444
227616,73,488830,13,0,743
55765,45,562923,10,6,450
170942,17,419135,15,6,479
158538,41,153972,3,9,391
60284,77,561682,17,7,603
65034,9,35030,6,6,328
48161,70,854382,10,10,449
214347,91,469105,15,8,691
206883,24,670919,15,7,493
248543,73,208920,2,7,549
68565,11,945061,8,2,379
76314,35,431224,7,9,360
134378,29,407269,6,3,452
199698,8,784994,16,3,507
224802,17,435033,10,0,545
215839,71,365570,3,5,561
66929,12,922497,3,1,347
239876,79,647940,4,8,551
213009,93,477628,7,0,736
23086,50,179453,9,0,544
208654,24,204819,16,10,478
114209,37,537803,5,9,361
212137,78,369445,8,10,555
186851,11,671695,9,5,414
169534,99,58724,7,0,749
193841,81,264319,14,11,604
248994,59,2405,17,2,741
133409,55,576803,4,9,413
201950,27,531629,17,1,615
163028,67,679644,0,10,405
97563,60,683362,1,8,391
128212,2,222064,9,4,391
232063,68,453668,5,5,576
120317,18,976181,18,1,540
190627,20,616084,10,7,425
60602,85,371604,17,5,665
151677,63,81499,15,10,561
91213,78,345669,7,11,470
163010,72,980051,3,7,483
127355,2,150013,10,7,358
205574,90,418235,9,0,746
67545,83,408995,15,6,626
189606,42,280570,11,1,604
123720,28,455884,2,10,300
30009,29,423399,10,7,380
45246,69,197386,15,11,506
43185,28,560215,2,1,388
240903,60,6395,9,3,645
139868,90,231122,15,1,765
237127,5,661334,6,6,377
101488,15,267294,14,4,465
61642,73,77668,14,10,536
24185,32,49572,9,10,346
79366,52,698171,2,8,367
165915,90,84028,5,4,639
32505,37,234050,17,10,437
43022,15,54497,4,7,300
207681,41,102300,15,1,657
200333,4,22466,12,2,501
162511,53,533838,2,5,463
95196,84,315206,14,10,576
89385,27,35394,19,6,524
241236,21,453247,5,9,380
236443,60,192622,3,7,515
85272,86,885226,14,2,675
181449,64,140559,17,6,657
18909,71,55084,8,7,495
160939,47,862241,19,9,541
210757,54,162003,3,5,515
146866,31,347435,15,3,557
98481,17,79220,17,5,492
73527,50,223356,4,8,397
161441,7,11366,12,2,491
38807,83,774112,5,1,572
25856,28,644813,18,4,491
152867,10,162935,11,6,419
240993,27,683689,14,2,584
177135,13,507426,8,4,427
207023,66,889725,6,3,580
184332,86,63818,13,10,627
156221,84,896757,18,6,684
107205,60,972627,19,1,669
172400,43,223133,15,11,491
118303,69,757044,3,10,415
249573,63,759353,11,6,603
84098,70,172443,17,11,550
131382,99,976270,7,1,678
179695,65,846757,16,2,680
188327,99,171313,2,4,644
134443,67,1676,3,6,508
182461,54,106094,9,5,563
150278,36,398498,15,11,452
245414,71,550510,19,6,713
209637,93,510615,1,10,523
117900,15,192375,11,5,431
144611,75,799808,15,11,550
35897,18,982633,9,0,422
225759,4,9431,4,4,404
150442,88,819802,11,11,551
170117,11,657297,2,0,411
102236,6,942105,11,6,351
116751,51,891548,0,3,430
233842,58,750151,1,4,510
136918,60,1067,10,0,648
198656,18,603225,11,7,434
63671,79,627844,6,3,558
161398,67,406688,0,2,535
118533,17,710375,12,0,501
213849,97,426363,12,3,755
176711,34,615684,1,2,445
75874,30,316798,9,7,400
185838,19,455024,0,8,311
167350,9,183406,6,11,300
123459,40,216739,12,4,533
218052,44,660556,1,8,404
214623,95,714960,19,0,853
226511,59,218124,6,6,551
185655,91,210489,16,10,667
108679,25,817025,4,6,346
141750,71,372567,10,5,593
85400,53,851491,10,3,522
24676,48,107041,10,10,402
19234,71,201867,16,8,554
167412,84,745746,18,2,755
127451,53,830833,7,10,409
99259,49,818025,19,10,503
154598,43,927965,13,0,599
218450,19,93220,9,1,537
49626,66,559978,6,2,530
16207,34,619648,1,1,380
144330,81,68923,16,5,697
97844,88,546114,0,6,501
208492,73,382384,12,4,667
67097,54,669913,18,4,588
135069,1,239438,13,6,400
210486,92,315309,17,5,763
151501,55,775415,19,11,534
68591,15,843886,13,7,370
153663,85,793391,14,8,620
126248,15,829147,13,1,489
184732,23,946883,4,11,300
92313,66,415890,15,1,662
119249,46,140631,4,0,531
55459,9,556540,12,6,362
224156,66,288248,15,10,598
117331,66,918055,14,3,614
208171,18,589957,4,8,354
117599,17,137679,5,5,379
208920,72,600927,12,11,551
243663,98,829405,15,6,742
93405,34,650430,9,6,422
104399,69,947362,1,7,426
150733,64,956871,12,3,604
59802,44,472124,16,2,573
33782,29,496644,0,2,354
195251,62,623652,3,9,453
125446,92,715211,17,7,675
147970,16,318680,5,11,300
224527,78,603872,11,2,702
186140,52,882391,19,7,598
82963,2,673930,12,1,425
246001,61,691298,1,4,528
91303,4,469671,16,4,438
98956,52,621504,9,6,480
204726,41,781575,18,4,614
51123,52,969302,4,8,362
71198,31,901715,11,2,472
67872,26,888842,17,8,426
19902,27,452934,8,0,452
172922,51,972473,10,2,570
63554,98,494941,3,3,590
189106,95,260474,9,5,684
210915,48,212911,0,9,405
233228,11,493798,1,7,334
154352,8,214156,8,6,382
95490,12,475753,17,7,429
192886,99,570108,15,5,745
72465,45,98235,13,5,522
193045,34,225328,3,5,444
183801,77,688578,1,2,575
47800,91,9990,11,9,571
249074,72,12778,19,3,785
220495,47,957644,4,10,402
112143,21,362340,3,5,359
133529,41,87448,14,6,536
243749,75,706966,2,2,608
93871,22,504882,16,3,507
86713,21,92334,7,5,397
56206,28,986848,11,0,482
18926,67,75012,7,10,427
128682,71,59871,19,6,674
206517,14,116445,19,10,480
58056,79,737502,4,0,576
221762,73,946444,5,10,492
83495,52,351017,4,11,358
99147,43,744316,7,11,353
180233,71,779140,17,9,606
205323,76,291734,3,10,498
164479,19,444733,3,10,301
224633,27,487808,4,8,393
217672,18,67145,14,9,465
71714,13,946801,5,8,300
144613,1,683226,15,10,347
152711,85,121909,13,8,636
17478,34,820423,13,3,462
79546,13,526195,15,1,492
219537,51,735874,3,6,473
243934,87,419154,10,3,721
208948,1,862911,18,4,492
134147,87,399026,18,0,792
103373,28,765825,7,10,325
188013,32,317744,9,11,402
44974,72,515870,4,9,422
59183,55,243439,15,5,559
154490,26,845044,2,11,300
229258,14,299849,9,6,444
115361,88,480884,12,2,692
72148,93,279759,6,9,528
127007,68,765924,11,1,631
225991,63,75475,13,11,563
127239,82,895486,9,11,498
123747,14,95490,8,9,345
177780,27,785787,11,6,458
116245,41,522402,2,0,480
178996,3,328417,12,1,490
38382,94,86356,5,2,617
41649,59,248739,5,3,492
242748,23,835135,18,4,576
125559,18,632735,6,3,406
113099,74,714485,3,9,444
45373,76,705041,4,2,532
228752,41,208929,0,0,529
220573,8,32567,17,6,512
37791,32,777189,16,11,378
204968,81,528706,8,9,569
38115,41,304308,8,5,434
163413,45,526274,9,1,570
128109,78,754010,19,1,742
162709,9,562881,16,2,515
170341,90,296127,12,7,658
98489,48,112194,3,7,413
239402,24,502480,17,9,506
38877,87,515949,17,9,594
55273,95,949493,8,9,519
71035,44,360692,2,11,308
158477,58,125605,6,9,473
239420,66,309031,14,10,595
126141,18,940946,8,11,300
208381,80,522962,8,7,598
56767,29,797675,3,6,323
135456,75,524420,17,1,726
156045,2,146628,16,0,538
73565,78,326541,5,5,532
104461,68,869722,6,10,431
143577,98,714800,9,7,622
125159,39,951359,9,0,531
38091,73,534127,5,2,536
34584,41,763747,5,0,459
119861,71,190136,18,9,610
137235,81,242791,7,8,551
220679,87,216994,8,6,652
216696,75,436436,0,7,510
129688,22,865796,15,8,426
31550,82,696438,5,2,553
148135,49,756567,7,9,425
107816,28,387832,14,10,412
219911,16,328574,11,1,539
26631,68,263409,9,5,521
16125,62,678167,15,4,556
181481,36,227751,14,3,584
65581,22,180586,10,5,416
37485,11,187388,6,5,329
123539,85,861933,7,11,487
224402,80,64817,10,2,719
98554,42,358092,8,1,525
89398,55,687589,6,8,422
247487,73,950252,14,7,639
147762,35,172345,14,3,566
30740,57,579072,15,5,538
194715,34,935594,2,2,451
103560,73,236710,15,10,561
100877,77,486793,14,7,596
24156,70,252673,0,2,481
129968,4,144446,13,1,486
183286,46,127247,10,6,534
111589,92,570404,2,2,598
78389,11,736271,8,8,302
221766,98,59133,5,2,722
148880,61,522582,15,7,581
209059,35,985433,10,1,555
85938,69,339482,17,8,586
82500,57,712638,16,0,643
208239,11,691822,16,11,404
75734,12,977128,2,2,324
163278,43,312285,18,10,528
155701,19,211519,14,1,551
47337,77,609888,9,11,455
246437,68,666015,7,6,580
102095,78,828296,16,4,651
78829,59,399626,3,7,425
215473,2,453604,7,1,450
84830,8,363845,1,7,300
61939,22,741277,7,6,347
27965,77,242407,6,11,430
27228,21,164750,8,10,300
63419,85,22970,17,4,695
111913,92,846383,16,1,743
64229,97,513885,0,9,467
246535,29,411723,11,10,453
158894,86,192758,3,6,569
45070,90,935739,16,9,580
214795,75,834115,6,3,614
139045,75,907576,2,3,533
22135,98,78399,0,7,496
225116,83,372405,18,5,751
114093,37,722511,1,8,329
114626,78,993622,5,10,451
54441,29,92874,10,1,495
131190,83,664757,3,4,558
185956,37,364474,0,5,414
237675,21,553943,10,7,454
164115,88,498389,15,3,731
111108,90,327590,5,10,512
90043,12,305783,10,6,378
18062,48,280974,7,10,361
105236,83,494832,19,6,681
67214,47,8014,0,3,429
230062,94,252617,13,0,816
68409,15,758683,1,2,328
156940,67,192803,5,1,606
83089,13,698421,8,11,300
241161,59,855184,13,2,663
109047,73,152931,7,4,577
32428,13,478805,2,10,300
123283,80,338902,9,11,513
217565,78,674268,17,0,785
216186,72,159765,19,4,747
184461,19,875850,8,1,479
49734,57,931107,8,3,493
222156,32,224491,18,5,603
80107,99,209948,12,8,628
101889,87,567990,0,9,454
127168,21,673705,16,5,484
99170,82,22687,3,9,489
157751,14,291725,3,10,300
193815,80,430609,15,11,604
170789,24,355877,15,1,578
171651,49,794724,14,7,536
210174,32,369953,5,4,476
238338,75,920952,4,8,527
49782,11,806060,9,9,300
85160,60,670038,6,8,435
133296,68,694175,6,3,557
169175,61,550765,9,0,635
237152,90,315970,9,10,615
68077,5,459966,14,8,350
43534,36,744886,5,8,329
53636,97,544298,1,7,501
114108,64,851578,7,4,524
65486,78,58133,19,4,694
109096,32,238934,14,9,445
48435,71,564931,17,5,609
48152,74,883532,4,0,550
124620,66,907388,3,8,434
73952,10,964191,9,4,358
34638,99,179065,18,6,697
247816,21,252572,13,10,456
132436,40,503335,12,7,481
31396,42,234855,9,4,462
186566,72,156150,5,2,623
172855,46,65708,12,5,566
151475,82,803702,10,6,599
210124,73,255369,14,3,708
38838,41,617932,1,8,307
53919,94,605868,14,10,574
92895,4,137335,18,3,487
62995,99,282896,16,10,627
168686,14,798053,19,9,449
90593,14,42369,17,1,540
146172,53,596880,5,8,438
109191,84,322411,14,3,688
207792,29,611161,16,3,581
85514,23,911222,8,9,320
25988,85,800677,11,0,645
226139,31,294820,4,1,519
134392,96,113982,13,11,615
130137,71,459012,7,2,599
223239,77,183576,16,6,705
92229,61,132424,8,11,438
116471,23,791675,2,8,300
53148,8,501211,6,11,300
159895,76,176405,11,4,650
39696,16,59484,2,3,340
26629,26,84926,8,1,452
149928,29,880162,13,11,391
46051,93,312118,17,6,669
212683,6,882815,10,5,414
232405,37,740100,3,11,362
48469,33,65702,7,11,325
247724,95,414526,17,6,772
219793,46,635115,12,7,537
239449,61,934943,3,8,475
87372,41,394470,9,9,405
192144,18,528574,7,4,438
236204,95,466761,11,10,644
58406,16,331687,18,4,483
102754,51,277136,11,3,558
50017,37,586340,1,10,300
25705,14,761422,7,2,364
165678,68,665083,12,6,590
101911,30,880072,0,4,345
107469,60,65183,2,6,461
88654,53,145662,1,1,492
181391,97,867606,19,8,716
107185,36,45002,7,8,409
203326,30,439995,2,8,374
60318,64,746444,14,4,572
148286,14,237265,1,9,300
89070,23,143088,16,11,402
64869,48,703543,5,8,378
181300,28,397960,0,0,458
190768,7,501316,3,1,411
18255,42,110269,18,9,475
135478,10,361450,6,4,383
42841,68,439573,13,4,577
20334,44,292383,13,5,485
223889,13,751790,9,7,405
120134,85,882433,6,11,474
55522,33,406138,15,0,560
185780,92,917588,3,9,527
211222,87,522203,6,11,540
45697,32,314291,14,8,426
156794,48,897751,16,3,601
116936,5,60631,2,7,300
211552,61,539661,15,11,552
138935,90,5156,1,11,484
31029,90,169623,6,4,578
80550,3,824895,15,0,466
223114,24,110661,8,8,439
154280,98,835737,11,7,642
238765,34,140725,0,4,455
90507,84,781052,13,10,546
103719,94,285212,10,3,677
103499,42,690147,17,7,515
116383,20,156745,4,8,331
154199,41,147227,14,6,544
193854,82,570,6,3,657
30646,20,892658,13,6,379
236963,6,81736,19,5,548
229816,57,712852,7,10,477
37713,42,142841,3,11,304
47267,25,38921,2,2,387
18864,41,412291,11,9,390
91197,41,876021,17,2,573
178631,3,534589,14,0,516
132201,43,726403,10,4,506
221930,46,386942,10,7,528
87246,57,234245,11,11,450
177434,83,710361,18,5,714
47380,74,441575,16,7,583
211066,51,317263,5,6,505
56284,5,69191,7,1,395
133178,86,540635,14,7,637
225994,73,645647,19,3,751
224946,97,22053,9,10,642
138556,15,845488,14,4,460
70277,88,985532,11,10,519
30316,94,582976,10,7,568
170535,39,388989,17,4,596
221811,70,844882,4,4,567
150960,79,126385,11,5,642
239800,38,405520,4,6,467
26325,39,629104,9,8,374
165160,52,31403,13,10,517
89922,86,375691,15,6,647
128949,3,369222,4,5,323
145856,29,889086,10,11,359
119564,93,514503,18,9,663
91803,31,600706,7,3,439
243417,66,954928,18,10,611
30419,99,846356,19,9,633
237088,45,128391,17,11,553
199821,73,991551,11,1,674
60854,22,217307,12,10,357
148976,83,676538,17,10,616
124796,10,673181,14,8,385
114427,21,999455,14,9,385
225038,17,525002,11,10,402
209628,67,244465,8,4,616
95535,7,467983,18,4,470
103855,36,344472,11,10,406
166772,67,244539,4,11,449
42633,77,653484,19,2,686
131958,30,114312,9,2,511
230716,87,597170,6,0,712
39055,71,368486,10,11,452
164714,94,679484,7,10,557
199086,29,482800,6,4,467
204346,72,86951,15,2,734
149718,74,279655,15,10,585
159245,33,578876,13,1,570
22025,59,238274,14,10,468
27549,20,77567,19,8,440
29853,93,142287,8,9,533
196495,29,667211,15,5,533
76156,53,164622,15,2,610
241560,85,234676,4,6,616
157398,1,641155,2,11,300
149535,34,842390,12,8,443
42163,44,394394,7,8,387
113136,96,199014,16,0,796
138296,14,963818,4,1,397
29075,37,84727,5,7,367
109245,35,372900,1,10,304
58315,59,477900,13,0,617
118245,24,293290,3,10,300
31010,65,592548,2,11,341
212505,6,690663,8,10,326
121548,68,516308,17,2,684
15605,38,993180,11,10,342
182517,1,709373,8,6,355
52315,41,481436,17,7,494
23652,31,85066,12,4,461
178301,36,219570,13,1,603
176602,73,394417,9,2,651
249632,54,75547,2,8,483
195173,87,756553,6,10,538
135179,31,246404,17,9,485
232022,29,783996,15,6,531
108439,85,469303,16,0,750
95266,3,55103,5,2,374
183996,58,217214,11,8,547
53541,90,405880,18,6,670
79658,61,900440,2,11,341
71327,6,987360,2,1,319
108434,20,855056,17,5,475
58654,61,41456,10,8,490
30930,46,501728,5,3,438
145682,13,270808,18,9,446
149590,23,632672,4,1,443
177054,79,445750,12,2,697
21775,31,106229,4,6,349
170062,4,328840,2,3,358
20378,75,666074,18,6,598
61402,66,266456,16,4,618
185513,16,106691,2,7,351
218052,31,641224,14,7,511
94712,48,938349,16,4,553
40060,43,706063,12,6,450
142067,4,35215,13,10,361
220987,62,349708,15,5,657
248103,48,752205,10,7,532
143334,28,626901,16,8,470
133684,16,502100,4,4,374
193065,89,122184,14,6,708
108104,77,519102,17,0,734
37765,69,696438,15,10,498
205125,30,560552,13,7,495
242410,65,689844,13,2,688
169268,69,879427,12,0,676
131677,14,349001,0,5,318
161540,75,904034,5,7,514
109385,34,769396,10,10,375
117649,56,624264,10,2,571
23174,29,697522,15,0,520
60820,82,460207,2,2,548
141518,79,997071,16,4,667
165170,25,350609,13,10,423
87582,94,228745,1,7,521
150258,66,901076,8,8,497
31722,40,564082,7,11,318
123157,91,553525,10,8,592
86504,15,113742,6,3,398
125760,32,851726,1,7,329
55452,20,495498,3,10,300
43270,53,199079,13,4,542
194383,78,917871,12,2,684
56129,91,13417,12,4,660
21387,67,52328,12,1,614
39394,49,462126,4,10,338
142113,67,662133,11,10,505
91827,77,931709,5,10,439
126110,89,102116,13,5,680
176165,82,55443,7,0,701
202708,1,481121,7,5,380
214218,39,215189,6,4,515
50241,61,971567,16,8,509
200479,55,518225,10,6,554
43337,69,47119,9,5,541
115992,2,820100,12,10,301
19804,94,737472,9,11,487
180130,17,527058,13,6,459
221835,29,193609,8,9,435
72450,4,175380,6,4,341
197831,73,300092,6,0,665
74529,64,113612,17,8,574
137766,85,443318,15,4,696
46334,43,760343,7,3,446
209606,76,658966,15,5,681
78452,12,604502,18,4,471
152583,50,260490,14,0,655
187037,68,119726,14,1,717
122018,61,295169,5,3,537
54440,92,50373,8,7,576
78118,73,800820,14,4,606
100263,51,869002,6,6,438
141775,96,895246,7,1,678
64217,77,293064,17,7,616
177211,98,952697,15,4,734
231402,83,784250,14,3,728
83517,78,146083,2,8,469
158857,5,884315,0,5,300
69740,91,948758,12,3,644
226274,28,58266,11,7,499
116119,90,117847,8,2,673
216704,10,513205,1,9,300
28950,88,797538,8,1,611
210714,81,546074,7,6,606
197241,52,974356,4,11,390
87209,80,279088,12,3,647
82278,17,336061,1,3,343
53488,65,172236,9,9,469
51277,21,207815,5,8,310
191113,54,946219,6,1,564
18534,49,185323,2,0,468
95221,22,986411,13,6,414
216744,69,982010,15,11,561
86121,64,883327,5,7,444
238966,36,429025,7,2,550
89090,21,268988,0,1,381
124777,56,763561,19,3,644
202382,73,836296,14,1,711
16634,91,207484,16,11,568
31908,48,744227,17,1,585
167382,76,954678,2,4,533
95653,18,308077,5,9,304
82258,99,13144,16,4,737
220219,15,269793,12,7,459
202153,44,429861,16,8,555
207644,94,708034,15,1,792
84400,45,366099,16,0,622
212675,97,12818,0,2,666
237584,36,261644,15,5,591
131107,40,36880,5,4,474
218879,51,846541,7,7,493
144468,30,692693,0,7,329
223436,26,840490,1,1,451
127436,85,972079,14,8,599
46131,31,418346,4,3,394
166458,56,157788,19,0,734
195853,61,758641,14,1,675
76760,17,293441,9,10,317
82370,81,281206,4,5,537
144841,98,553780,2,4,604
69470,24,762439,5,11,300
134688,97,611149,14,6,683
68283,4,187553,17,8,388
145263,9,731084,13,5,425
148425,2,721737,9,5,366
28878,35,928071,3,1,397
132743,38,298950,10,6,478
91668,45,886540,19,1,620
23203,15,74457,6,6,323
25322,42,594173,14,7,449
91831,3,599479,8,11,300
204847,31,47674,14,0,633
50925,52,604703,11,8,447
37247,41,463698,17,7,488
122930,57,305271,5,8,450
163412,42,416718,17,4,601
231850,53,881461,17,3,664
134496,56,203265,5,0,577
168594,87,245365,14,8,655
190666,76,181796,18,3,751
92631,72,996306,4,3,517
61335,53,399456,3,3,458
103961,85,480102,16,1,732
49723,85,107889,9,11,500
221812,32,310688,11,10,454
19991,81,934144,4,3,510
243234,54,32895,6,1,627
182905,37,894310,11,7,471
162139,88,357531,1,6,550
28763,8,798352,19,10,346
198027,82,735288,16,9,640
59863,11,604741,12,1,443
32408,54,161715,4,1,496
171248,60,815659,4,1,557
181169,10,285395,19,0,599
197922,90,810670,11,5,671
199918,70,584332,11,5,621
129177,81,158795,6,0,661
181866,87,821405,5,10,519
209396,42,618580,9,0,595
104767,37,663873,18,5,541
204558,92,960820,15,10,639
16011,80,685585,1,5,455
169499,76,921883,3,3,560
53392,58,106371,8,2,546
73990,85,142377,4,8,506
196924,59,556010,0,5,478
161301,24,780157,10,0,521
93780,28,77684,18,2,577
228210,37,55429,2,0,542
236070,21,602725,0,2,426
171374,33,993928,3,1,459
38536,2,226707,8,4,336
102746,83,173548,15,2,713
20585,28,175325,6,6,357
195202,15,413924,4,7,361
208029,1,898853,12,6,401
72210,28,720323,10,1,476
228803,50,814053,13,9,526
226445,35,423217,16,9,526
151528,96,491323,11,6,664
137365,28,276364,18,9,486
199933,9,876662,4,2,401
183361,24,851554,7,6,409
24775,63,81757,1,0,508
210953,4,105385,16,1,558
29099,56,330051,1,11,314
117341,41,955288,2,9,328
56842,67,694430,19,0,691
72163,48,39150,17,8,528
228423,86,514443,14,1,776
223834,58,241983,4,1,601
137863,39,323406,16,5,557
110608,25,109756,13,6,465
220747,60,481588,0,1,556
241668,86,973048,13,3,724
190939,47,551449,8,2,564
155931,98,152252,4,4,645
124478,61,212473,3,8,446
70700,84,280969,0,1,561
17539,27,92811,2,4,346
123609,96,394233,19,7,719
93735,42,151957,10,5,491
179230,52,101351,15,3,646
211690,93,46260,10,9,647
196226,48,403476,9,7,510
72824,32,448162,11,2,494
27281,24,702022,4,3,352
161192,3,994897,9,10,300
24946,27,823450,12,8,360
139128,73,186171,18,4,701
139016,40,193378,6,5,466
91427,23,422446,15,11,382
231248,7,811201,5,10,304
41111,81,367839,9,1,623
198468,37,690574,9,8,452
48290,7,32492,10,7,338
242212,94,850199,9,6,669
180534,77,220115,13,8,622
230244,82,586761,14,4,717
19837,95,378231,6,4,579
26801,22,109015,12,10,345
144342,78,612503,10,10,531
169782,82,241495,6,8,561
112157,99,3687,10,10,602
55916,17,704495,13,4,420
159137,19,457851,16,8,458
77546,95,597688,15,0,749
60474,39,858095,0,9,300
108766,36,881441,8,9,372
51388,15,836136,8,10,300
91167,63,382375,9,7,504
110364,29,407050,18,2,575
89667,60,402137,14,7,543
94843,56,903680,15,4,569
18709,40,683933,10,1,486
63754,16,824308,16,8,386
101257,33,790698,18,3,553
243802,89,37713,12,6,717
20094,16,926489,5,11,300
155487,30,22068,14,7,501
194918,98,614524,15,6,726
225138,66,663726,3,10,464
22472,44,494071,7,5,418
209802,38,69384,6,11,411
51131,51,554760,16,6,526
99943,60,658816,15,3,608
98737,18,215750,1,9,300
174020,5,143103,16,0,556
192980,40,85675,3,4,483
195907,6,675386,13,7,413
38115,76,565175,7,9,459
42961,12,159849,4,5,316
62083,12,960434,4,4,308
205489,73,132732,4,1,641
198134,22,289295,4,9,358
62182,49,286757,2,11,321
142987,50,65266,5,4,508
17017,80,209816,0,9,405
150295,4,633308,7,11,300
76852,50,316882,12,2,565
246560,3,701137,19,1,579
65509,16,554990,5,2,378
169147,14,219450,17,3,542
21531,64,124188,17,1,652
150738,41,601551,15,3,579
235389,68,907245,7,3,610
59023,59,259751,16,5,581
181308,2,392455,7,11,300
55059,10,636513,14,4,412
55023,75,360069,9,6,538
248296,90,914860,0,10,507
19236,26,61804,8,6,375
213547,4,616628,16,2,524
182696,90,275165,19,8,720
178890,28,641899,0,6,357
227534,2,44001,8,6,408
239160,66,674452,13,1,705
176172,16,422131,4,11,300
212968,57,504120,5,9,472
120109,23,446539,4,2,421
190768,23,388976,3,2,448
141682,77,469253,15,11,568
223602,21,631014,15,5,524
39941,25,182974,9,3,432
108067,58,277883,13,3,601
116349,37,859444,12,0,554
205419,49,466683,3,5,486
91629,77,13699,13,7,601
179097,15,133876,8,7,404
26651,28,442120,2,7,300
244420,67,447812,9,4,635
105380,87,181065,14,9,611
229326,4,457582,18,5,513
64823,47,562631,1,4,400
194194,50,404991,1,3,495
159661,60,777558,8,11,443
54768,62,633273,3,3,473
211058,67,325156,4,3,588
100558,72,309830,1,3,518
127784,43,710917,6,5,449
119389,89,326380,18,5,718
146306,58,176946,5,4,530
87370,52,130025,15,11,479
161127,76,118222,13,10,583
83743,69,555874,11,10,486
148472,97,57009,5,8,592
221217,46,607,12,7,563
102009,25,752525,14,9,400
125866,25,823818,13,5,459
104471,35,341769,7,10,363
200229,61,455868,19,8,634
235482,15,638160,10,4,477
75598,90,226316,8,9,543
40015,74,970616,11,3,568
225792,88,430241,5,5,634
241151,35,638523,18,3,635
212258,29,906732,2,7,371
79430,38,507314,0,6,343
243997,69,849924,14,4,675
64185,24,141295,14,9,403
238936,19,508105,4,5,421
77306,46,285087,10,10,415
34416,49,87051,0,6,370
93655,44,881587,9,1,518
88180,73,456076,19,8,614
65262,26,492884,10,6,400
89189,25,852719,6,7,340
94952,35,111541,16,4,548
236505,36,244084,11,2,596
68662,14,367993,3,1,376
213482,56,857312,11,1,635
67191,6,427189,2,2,324
222037,32,206120,17,0,668
158285,26,167727,11,0,560
195059,15,230706,18,6,523
98176,49,74158,12,9,478
205855,95,457393,15,11,654
76353,56,977013,7,10,387
116544,37,122207,5,7,409
161874,53,102987,9,5,550
227730,58,584749,9,6,564
206718,83,542946,5,0,680
233261,78,646499,7,0,694
58671,36,298277,17,8,475
235709,11,738543,16,4,521
213017,27,387419,9,6,472
58388,2,282764,1,5,300
180672,22,430283,11,3,504
98944,66,462485,19,0,718
75690,84,160747,9,3,628
151808,17,722561,8,9,343
216601,4,525148,15,9,414
189943,14,639820,6,7,366
62165,7,814050,8,11,300
202858,79,814348,5,10,505
46247,94,208289,9,0,686
134645,16,868488,6,1,425
43821,66,874099,17,7,549
149285,19,22878,10,1,515
123659,1,601248,0,10,300
175567,31,562842,18,11,473
86744,4,682156,4,9,300
155716,91,402561,5,8,564
152525,58,979022,6,2,541
132441,56,910290,3,2,497
222701,53,123448,15,5,640
127045,89,224094,9,2,681
26263,86,284728,14,8,579
71480,43,523663,12,10,413
141926,74,11598,7,7,557
211913,97,729221,12,3,742
245760,49,411661,6,5,538
178093,60,305957,16,7,611
133055,94,134802,3,3,628
164030,94,535972,6,4,642
212480,16,450686,15,6,496
56128,73,366570,1,7,437
102498,81,165635,13,6,627
57563,99,927545,13,7,613
32414,60,446681,7,3,503
137452,47,73723,5,0,556
90462,15,61320,6,5,372
201955,63,365288,6,4,575
120209,28,294768,1,10,300
52210,20,731815,3,3,341
161362,97,265870,12,1,766
145768,63,781800,9,0,620
18667,33,752612,8,8,338
142710,36,229635,14,11,445
32660,13,181465,11,1,443
87089,62,657203,9,8,473
97462,68,841361,18,5,624
203770,23,976360,4,5,396
150880,72,720820,6,1,607
109148,13,800186,19,5,476
186571,88,684213,10,2,699
174087,40,452776,15,6,548
48351,30,985320,12,9,359
195734,94,95324,3,3,661
136359,25,728692,15,8,444
89674,97,528855,12,4,674
51241,73,488963,0,11,360
147270,26,205908,3,9,338
107983,24,324262,14,2,523
117299,97,452102,15,0,781
158185,39,975228,3,0,487
240357,89,818582,16,3,769
117839,79,197863,10,9,553
53639,61,256250,4,9,404
79036,49,883796,12,3,526
100223,41,923966,11,8,426
82983,70,214650,2,7,457
141164,20,551848,3,3,393
89944,44,608856,9,5,467
137427,16,637534,8,6,381
32674,21,208758,9,9,325
27413,15,658731,12,7,347
69986,39,347493,0,3,393
194009,42,124460,11,0,628
219157,61,185084,10,4,625
38071,4,204228,7,0,392
89229,24,265076,13,10,386
189903,3,938974,13,10,346
137116,1,9778,19,3,516
97306,94,285177,16,6,689
187443,13,665664,18,6,496
143345,54,257589,19,0,713
82542,82,991159,16,8,587
20213,40,768221,5,1,434
78815,11,389585,13,4,426
197371,42,407623,17,5,603
182708,93,463735,16,0,811
78948,4,2521,5,11,300
90066,25,913063,4,1,408
62128,36,84622,12,6,465
218245,64,507922,15,5,655
64504,44,117257,8,5,464
85500,40,638935,11,5,472
67340,92,131855,9,6,604
144222,45,42666,12,9,490
49070,8,147870,18,11,357
88285,85,729451,15,11,554
212454,35,862735,16,8,516
224998,44,263247,15,8,563
225343,18,971547,13,1,542
235513,47,70845,15,1,690
138405,25,689299,14,4,496
160948,41,976546,11,9,439
225575,5,336314,4,6,364
197748,64,760072,10,11,495
33262,62,798567,4,11,345
117409,72,381577,10,2,629
231622,87,193020,1,2,649
170126,3,621868,18,3,504
241563,37,348625,16,2,647
169123,95,190828,18,2,811
174457,93,516076,11,7,650
50587,41,563692,19,6,525
143595,20,789021,4,6,350
70131,67,206639,11,9,502
108019,87,533983,15,1,728
173725,40,212135,0,10,348
190862,85,792154,1,8,508
57018,77,242778,9,5,564
242502,8,574162,1,2,402
132177,5,394057,9,8,335
207064,25,674091,17,8,501
241450,39,387245,0,5,447
200912,37,524933,4,9,395
100184,5,556404,11,5,377
112292,8,565271,16,7,412
234015,4,29402,18,7,502
59561,41,835590,17,5,514
131981,60,490501,12,6,556
228666,54,298613,2,3,539
156142,22,847008,9,0,500
185097,78,276052,13,3,700
48779,19,60269,7,7,343
162688,77,566519,9,11,514
110909,99,831653,1,7,524
132715,68,930219,12,1,638
115477,33,562686,4,6,384
116688,22,586660,10,0,500
132016,65,821756,0,1,513
146869,11,674698,9,7,364
185961,16,662747,12,10,384
210462,68,481924,3,9,484
159666,93,157247,9,3,697
62754,44,30795,11,2,542
68639,88,501378,13,1,693
219298,9,914231,2,10,300
27669,72,505150,1,5,444
144239,78,393064,18,3,725
99509,79,517157,10,2,636
167157,62,692789,6,2,571
43787,86,325249,17,9,601
236692,15,790233,13,2,531
39051,6,775681,6,11,300
201638,1,138485,6,7,353
65615,20,246923,8,8,342
223162,36,896807,11,8,473
198334,2,541953,5,4,373
183711,70,469608,6,0,643
224962,2,883068,3,9,300
151361,3,895823,15,4,438
134123,7,8187,6,0,447
170816,84,589277,7,8,563
143814,64,550072,7,9,476
32945,41,835886,19,7,491
235851,54,669165,2,6,483
129135,41,828147,8,1,519
203036,5,839843,18,1,547
170299,89,120451,12,3,722
239356,82,42186,6,8,603
97494,63,253940,19,8,597
156006,1,859543,14,7,381
191602,25,369873,18,10,486
68168,81,759642,1,4,496
91086,46,505956,11,6,483
211167,15,28093,7,11,354
136915,69,74625,7,8,522
84560,17,226062,12,2,474
46772,21,546762,0,3,319
154794,53,270298,9,1,600
196214,55,677424,8,8,496
82656,87,776559,1,6,491
110625,10,224494,18,5,481
101884,81,160470,13,4,657
132129,57,363810,9,11,447
151949,65,699229,9,6,543
33904,37,9646,7,2,467
101328,7,583959,13,4,418
237645,76,452923,12,1,733
228943,40,116700,5,4,519
95195,50,25391,12,6,526
175756,1,684182,2,10,300
81500,20,900491,19,9,419
49902,31,300016,12,10,375
68606,68,75048,18,6,625
138574,90,160412,15,8,662
246620,12,605893,3,2,435
50571,22,376754,2,7,300
84447,1,376703,14,4,410
91752,1,659862,14,6,372
213016,3,622060,17,0,560
102157,76,572308,6,0,616
232585,21,261655,19,3,613
224803,13,89543,4,4,427
190010,61,807403,7,9,480
72203,13,189448,9,2,427
72805,82,6037,0,5,507
87649,33,705667,10,2,484
145294,6,894028,2,4,314
55910,25,944865,2,10,300
168833,23,276610,14,0,582
39992,88,754660,16,2,683
225386,26,796059,17,6,538
102521,4,414809,7,2,386
70448,35,575985,12,4,477
84903,75,547437,9,6,545
191519,25,541025,2,1,454
25786,20,67854,19,2,530
126316,1,962991,13,3,412
57706,94,549602,12,4,648
124997,68,821719,2,11,388
242516,23,947955,12,8,452
91587,99,857395,19,8,678
248354,22,692731,8,3,497
30611,95,155702,15,8,624
19490,62,182308,7,3,513
65004,1,820099,11,1,397
206706,59,92214,11,9,551
111849,68,25099,18,0,738
144213,19,97170,16,6,495
152449,30,999886,14,3,521
24903,1,258744,17,11,310
160639,48,214493,6,7,470
234493,19,784108,12,7,457
239830,52,864036,18,11,556
194628,85,344779,15,7,683
41606,22,169170,10,5,405
138116,50,683233,4,8,411
229048,66,678918,1,3,550
148332,6,191195,0,4,324
176339,64,554806,15,3,662
238610,21,52763,4,4,460
204441,97,730076,6,1,709
196132,19,59172,8,4,472
31833,91,737491,3,9,454
130256,37,482492,18,7,531
18498,63,224330,19,8,559
140740,29,769137,14,6,476
211382,60,921254,6,6,518
192801,92,667241,17,5,740
25518,34,937110,4,1,402
224109,1,278963,12,9,388
37254,48,616301,2,11,300
245684,89,159827,5,10,583
96438,21,25811,11,9,385
245093,34,451338,17,8,556
171617,26,299841,17,4,561
149417,36,585484,3,5,414
226978,99,637388,19,0,874
202438,23,411560,13,4,523
192793,81,20656,13,5,693
74829,47,157454,0,9,337
108767,76,162103,10,10,525
122399,44,202421,8,1,550
24642,20,60574,17,6,449
98375,27,460476,4,3,406
104217,61,57529,9,4,562
210605,37,394710,14,2,610
218643,84,411579,9,4,674
144412,52,677172,15,11,486
199454,75,937941,3,3,572
179371,92,106741,3,11,526
181107,62,620348,7,9,486
130020,66,7160,5,5,537
134937,24,172415,10,1,517
169655,80,547881,12,2,692
37105,12,655644,18,11,343
227738,16,441299,10,9,409
28736,36,168923,1,0,425
57281,2,544666,2,6,300
94351,89,663851,14,8,607
104932,62,851932,12,1,609
170384,64,852868,9,6,543
92780,29,787891,4,2,411
188740,92,406896,10,4,694
70652,74,543593,13,5,590
146030,87,166373,19,7,712
26718,96,688052,14,3,668
228392,31,694707,12,1,584
111219,83,148261,2,2,588
136727,15,662955,8,7,361
190069,55,477364,7,6,520
177500,33,64370,14,5,550
248367,81,264065,0,4,596
204894,52,627564,1,10,393
172562,20,258741,8,4,455
196281,73,2387,16,0,777
62351,38,338410,8,5,436
56001,3,342510,0,8,300
191928,54,231372,7,7,513
140050,66,4825,4,11,442
31410,18,5282,10,9,334
67685,87,931373,5,0,607
181458,83,510407,16,10,629
220970,7,15451,17,5,525
136317,35,252622,17,2,603
104547,84,762294,4,5,538
218650,84,673265,4,8,554
171358,83,755015,18,5,709
157463,80,133770,12,7,628
41999,85,937500,6,5,523
148090,93,672252,13,5,681
27952,60,782586,7,6,442
227848,24,572356,2,10,333
232870,93,758974,3,9,560
165354,95,596014,9,10,583
102995,39,865134,3,3,418
115351,12,902394,17,7,422
200426,94,422905,11,3,730
32942,53,232198,19,6,566
207010,64,31604,19,0,784
16722,4,114751,14,11,300
182892,94,331601,12,8,660
213259,5,356671,11,9,382
233214,16,934747,7,8,377
180618,27,568075,8,6,438
211102,4,427531,19,7,485
144385,72,294179,8,1,641
81219,48,559132,16,9,487
122775,8,505482,0,11,300
164466,81,278964,5,9,529
204631,46,219077,6,6,501
192777,44,308820,8,0,596
230574,67,757321,9,2,645
172541,91,312058,3,5,601
89041,52,656095,15,4,564
120747,34,334894,11,4,498
76338,62,23968,8,8,483
20492,21,306768,2,5,305
162899,24,364542,8,2,488
131359,44,580034,16,1,619
173564,41,332408,13,8,506
214874,29,124458,4,9,394
217517,6,822929,0,3,348
158941,56,400457,0,10,381
185854,14,738356,2,4,365
167935,50,207080,8,8,485
208059,78,716999,5,4,599
190127,52,541345,8,6,519
219427,88,311844,3,1,676
44136,77,779176,19,1,696
134829,1,538720,18,3,483
29837,12,585776,4,7,300
90592,24,623487,4,1,417
146787,37,543241,13,9,457
163347,84,256039,9,6,623
35191,70,213905,15,0,669
228492,76,115864,5,8,567
75126,85,498793,19,9,627
197864,3,727592,13,5,433
23894,27,29347,17,10,411
99253,53,545537,8,0,566
99114,17,446674,6,9,307
38321,15,216265,17,5,450
123505,39,481712,9,4,489
39959,4,113346,1,11,300
156587,17,965172,12,4,450
220685,11,869874,5,4,398
80196,12,892213,8,3,375
167515,32,396018,19,6,563
199622,27,887858,7,8,395
222051,44,635374,9,3,562
183280,43,756120,15,1,625
147855,91,280177,14,1,760
93649,49,559376,12,1,576
85921,93,633289,17,6,676
248493,73,803959,5,3,616
153054,43,929468,19,3,613
115887,3,303149,8,0,434
225015,29,740594,17,3,594
30316,85,266550,6,5,544
236446,35,444977,4,1,530
238815,48,94538,10,3,614
128652,74,455563,12,10,538
240010,87,728487,2,6,581
214038,39,134191,0,8,398
135357,89,771448,3,1,618
120364,24,58935,18,7,504
17936,20,778247,17,5,432
92400,15,58327,5,7,333
236723,85,970253,9,1,709
89843,76,845526,6,10,449
21709,18,742769,11,0,445
241462,60,101815,7,6,576
35707,87,364276,12,8,564
54384,93,344629,17,8,642
50187,41,925155,13,1,526
81935,69,944400,10,3,565
57536,90,97196,9,0,684
131772,75,107396,5,10,486
170260,11,10370,12,6,447
29245,56,830984,9,1,524
