transaction_amount,transaction_hour,location_risk,device_risk,previous_failed_attempts,is_fraud
62557,21,3,2,5,0
166515,5,2,8,4,1
193561,13,8,7,1,1
139828,3,6,5,0,1
5841,21,7,2,2,0
147833,18,1,9,2,1
97191,22,6,5,3,1
28790,6,2,8,4,1
32933,3,6,4,1,0
102666,1,3,9,4,1
71340,6,7,7,0,0
106998,2,3,2,3,1
77811,14,9,3,1,0
188313,0,3,2,4,1
39123,1,7,5,1,1
40309,9,4,2,0,0
93690,15,8,5,3,1
86712,14,2,9,1,0
80622,23,8,2,0,0
111754,14,9,9,2,1
145612,13,8,7,1,1
119207,21,6,7,3,1
139132,13,1,5,6,1
22562,5,7,8,5,1
17921,13,1,7,5,0
188944,16,7,6,1,1
158430,17,2,2,1,1
92989,19,8,6,0,1
89052,18,2,2,4,0
193696,16,3,1,5,1
153287,15,3,9,7,1
118166,7,1,5,4,1
177605,6,5,4,5,1
79464,19,5,8,1,0
70177,11,5,5,7,0
40744,8,9,7,3,0
62743,13,6,3,3,0
13411,19,6,8,6,1
129566,0,3,8,5,1
30631,9,5,3,7,0
14688,16,7,9,5,1
49516,16,3,8,0,0
143552,16,2,1,1,1
173817,3,5,8,1,1
148990,16,3,4,6,1
162029,17,5,6,4,1
21811,19,9,9,0,0
136269,22,1,5,2,1
116448,1,4,7,3,1
159565,7,5,1,3,1
22176,12,2,9,1,0
84374,22,2,6,6,0
57709,21,1,4,7,0
160489,19,8,6,0,1
58580,21,2,5,2,0
7144,14,3,3,3,0
55586,19,2,7,0,0
55262,22,4,3,2,0
29982,8,1,2,5,0
54178,2,3,4,1,0
58834,2,5,7,4,0
108830,1,1,5,3,1
174998,0,4,9,3,1
88085,13,6,7,2,0
44128,16,4,9,4,1
182503,12,7,9,7,1
99038,18,7,2,5,1
118419,22,6,1,0,1
32643,14,9,4,1,0
124379,13,2,4,0,1
29462,1,8,2,2,1
158487,6,8,3,7,1
158918,16,4,3,7,1
141229,17,6,5,3,1
43015,5,6,1,5,0
152233,20,5,9,3,1
51470,7,1,8,0,0
165329,1,3,8,5,1
111475,0,7,3,6,1
142494,15,8,2,1,1
69912,6,2,1,2,0
34117,21,3,6,1,0
56892,23,4,1,7,0
158914,10,5,5,2,1
195980,14,3,9,7,1
129298,12,5,9,1,1
17729,23,8,4,6,0
128714,1,8,7,0,1
139417,13,2,7,4,1
97050,23,6,4,5,1
175042,5,4,5,2,1
64929,8,9,9,0,0
10688,6,2,7,3,0
131614,17,8,7,3,1
105380,23,1,7,1,1
40821,8,6,9,7,1
168317,22,1,5,3,1
10699,3,2,6,7,0
72694,8,3,3,4,0
134111,3,9,1,2,1
22249,11,5,2,1,0
127716,3,2,8,2,1
197739,23,5,1,2,1
141380,19,5,7,6,1
197270,13,1,5,0,1
109134,23,3,6,3,1
180664,23,5,8,5,1
21051,6,9,4,2,0
180092,12,1,6,7,1
46866,21,8,3,4,0
57114,7,1,7,6,0
159523,22,9,2,7,1
180558,4,6,8,4,1
87222,11,1,7,7,0
9408,12,8,8,5,1
59352,19,5,2,3,0
83311,13,7,3,3,0
159236,17,7,4,1,1
185051,23,7,9,1,1
126634,19,6,5,7,1
8820,3,8,6,1,1
126304,20,9,1,3,1
174112,17,2,4,2,1
80093,6,7,4,7,0
199647,14,2,8,0,1
47213,20,6,8,5,1
49026,5,2,6,6,0
169375,15,6,8,5,1
136564,19,2,9,5,1
26005,23,1,5,1,0
50485,7,7,1,0,0
30753,20,3,1,4,0
91965,15,4,2,3,1
125913,21,6,2,4,1
145971,15,5,5,1,1
191275,2,4,7,2,1
15152,16,9,7,6,0
137216,8,6,4,6,1
151043,2,6,4,1,1
151406,19,2,3,0,1
21481,6,6,2,6,0
148446,17,7,3,1,1
83208,11,8,8,5,1
49992,18,8,1,2,0
181693,15,9,4,2,1
91601,21,3,7,3,1
83491,23,7,5,3,0
18020,16,7,2,5,0
16802,19,1,1,7,0
1994,14,8,6,7,0
31085,0,4,5,2,0
159459,1,5,3,7,1
125802,7,6,9,5,1
73627,21,3,3,2,0
146611,1,5,2,7,1
128776,18,5,5,7,1
42335,8,1,9,7,1
158831,8,3,8,0,1
25076,12,3,6,7,0
82743,5,1,3,7,0
199037,14,7,6,1,1
107731,18,1,5,3,1
199478,20,7,1,0,1
56797,14,4,5,6,0
70482,17,9,7,7,0
16751,6,7,9,7,1
180216,10,5,1,1,1
14733,7,7,3,7,0
79264,5,9,8,7,1
669,7,6,6,7,0
191072,1,1,5,3,1
67609,18,6,2,6,0
123525,15,1,3,5,1
101226,6,4,2,6,1
127622,9,8,1,0,1
33138,11,5,7,7,0
180260,16,5,3,4,1
197965,6,8,7,6,1
38238,21,8,7,4,0
194482,7,1,8,3,1
159929,6,5,1,0,1
187323,3,5,5,6,1
110840,2,8,9,7,1
111274,18,1,7,1,1
49372,14,7,1,6,0
138080,3,7,8,7,1
142016,8,9,3,1,1
51555,12,2,4,0,0
68547,17,3,4,4,0
77208,20,4,8,0,0
174238,15,1,1,7,1
171176,0,7,8,4,1
38433,3,3,9,4,1
121319,17,3,9,5,1
83129,7,3,5,5,0
39797,19,8,4,1,0
17734,15,9,4,3,0
125620,20,2,9,2,1
24661,10,1,8,0,0
149205,19,9,7,4,1
55163,20,6,3,7,0
26021,20,9,4,0,0
19440,20,6,9,3,0
62881,18,2,8,7,1
15001,22,1,1,3,0
10738,18,8,3,2,0
169768,17,3,2,7,1
44424,18,1,2,6,0
88456,10,8,8,2,0
32742,2,1,6,4,0
25478,7,8,6,5,0
50967,19,1,4,6,0
73786,18,9,1,2,0
42975,9,9,7,5,0
118271,15,9,8,6,1
100161,4,3,2,5,1
64477,19,4,2,4,0
54791,8,5,1,7,0
195475,7,6,4,1,1
192011,10,9,6,7,1
49163,15,4,5,5,0
91882,6,6,4,7,1
78443,14,1,4,4,0
83171,23,2,7,2,0
136664,20,8,7,0,1
121499,19,4,2,2,1
31457,22,7,7,7,0
32414,16,4,2,3,0
179869,5,9,4,2,1
70383,14,9,1,1,0
59667,7,4,5,4,0
47106,6,8,1,5,0
191183,1,6,4,3,1
141858,12,1,9,4,1
168621,22,7,8,4,1
61706,5,1,6,5,0
18991,4,3,8,6,1
183287,19,8,5,2,1
101832,0,9,7,0,1
191891,17,3,8,6,1
167895,14,1,7,3,1
29977,22,1,4,5,0
14126,9,7,5,1,0
20522,2,5,6,1,0
140416,4,1,6,0,1
33581,23,6,9,0,0
89280,12,6,2,2,0
109484,7,4,6,1,1
58131,21,7,3,3,0
139693,20,7,2,7,1
132918,1,9,6,5,1
83227,8,1,4,0,0
92354,16,5,5,0,1
68332,17,3,5,0,0
143184,12,7,3,7,1
80324,0,4,4,5,0
154629,11,4,3,3,1
30060,19,1,7,1,0
87795,19,1,1,7,0
130166,20,2,6,7,1
139082,4,2,4,6,1
2793,7,1,1,3,0
115413,14,8,1,5,1
147030,2,6,5,3,1
28910,5,6,5,2,0
20192,12,9,7,6,0
179872,11,5,4,5,1
58205,18,4,9,6,1
161677,17,6,4,6,1
28655,23,8,7,0,0
72034,0,1,5,1,0
72888,6,7,5,6,0
77357,11,8,6,2,0
18039,9,9,8,2,0
142997,11,8,5,5,1
155323,10,7,3,4,1
128168,3,3,6,7,1
136,18,2,2,0,0
94048,5,3,8,1,1
83807,8,4,8,1,0
39151,19,4,3,1,0
80838,9,6,8,7,1
73696,4,7,9,5,1
60171,12,4,5,0,0
130713,8,6,5,6,1
73701,1,9,6,6,1
29973,17,6,7,5,0
167820,20,3,3,1,1
71568,0,1,5,7,0
26570,23,5,1,6,0
196301,20,3,5,3,1
8428,11,8,4,3,0
137505,9,1,1,7,1
121273,1,2,7,7,1
46738,8,3,1,0,0
11368,1,3,8,1,0
114020,22,8,2,5,1
110479,23,5,5,7,1
148217,21,8,6,7,1
171913,13,6,9,4,1
173942,10,2,7,7,1
7987,22,4,6,4,0
25018,10,9,5,4,0
35597,16,4,6,3,0
93662,3,5,4,5,1
192181,12,5,1,4,1
12029,6,8,9,1,0
102301,15,6,5,1,1
192934,0,7,8,4,1
116666,12,6,7,2,1
28646,0,5,8,4,1
168510,10,5,1,2,1
165455,5,3,9,0,1
82594,19,7,1,0,0
46666,2,5,3,1,0
85564,11,7,8,5,1
128379,4,2,1,3,1
82091,8,9,1,5,0
92780,11,8,6,1,1
28113,9,5,5,1,0
52232,18,2,6,5,0
159256,4,6,3,3,1
107955,4,8,6,1,1
152315,8,7,2,6,1
91727,19,8,8,6,1
122872,16,4,6,3,1
145351,9,3,4,1,1
189898,20,7,4,6,1
141394,0,2,7,0,1
191137,21,5,3,2,1
64168,15,7,3,1,0
155121,14,1,6,2,1
16216,22,4,9,4,1
182224,16,2,1,6,1
51469,19,6,5,1,0
179989,12,1,1,0,1
103200,0,7,1,3,1
29755,7,3,3,0,0
188974,4,1,3,2,1
47732,5,8,4,3,0
145365,22,7,3,0,1
161948,19,2,6,0,1
174397,13,7,4,0,1
191182,21,3,8,5,1
196623,22,9,1,7,1
179984,10,8,8,3,1
18995,5,5,1,0,0
196954,10,7,1,7,1
152381,12,3,7,6,1
192979,11,1,1,6,1
23186,21,1,9,0,0
85737,1,2,8,2,0
158379,20,8,1,0,1
107434,2,1,2,6,1
152069,22,5,2,0,1
63183,3,9,2,4,1
95128,16,9,6,7,1
67057,21,2,4,3,0
97651,5,7,8,4,1
78606,6,1,1,7,0
138455,14,3,4,7,1
94124,10,6,5,5,1
81581,23,9,9,2,0
355,2,2,5,7,0
15587,5,7,3,4,0
19446,1,4,4,5,0
35150,13,2,7,1,0
8844,8,3,1,3,0
155928,17,6,6,0,1
61696,18,9,8,4,1
156318,11,8,1,4,1
119740,12,9,8,0,1
55132,11,4,7,0,0
42787,11,4,1,2,0
177275,17,9,9,4,1
153148,8,8,3,4,1
62963,16,2,2,6,0
131763,20,8,7,7,1
6377,15,1,3,1,0
61960,16,9,1,6,0
133432,20,9,3,5,1
197055,23,8,6,1,1
24841,7,5,3,6,0
119820,10,5,5,4,1
37311,23,3,9,1,0
172714,1,5,7,4,1
6969,7,4,2,3,0
87716,11,1,1,2,0
195904,20,9,7,1,1
94615,0,4,4,4,1
150594,22,3,7,1,1
166785,12,6,6,7,1
188188,21,1,7,7,1
60210,20,5,4,5,0
34133,16,7,3,2,0
45313,13,2,5,3,0
193165,13,9,3,0,1
13038,15,6,3,7,0
130942,16,2,4,0,1
2374,5,8,8,1,0
84490,6,8,2,4,0
162987,0,1,4,5,1
150133,14,1,3,7,1
20144,19,1,7,2,0
99472,20,4,2,3,1
153147,17,4,1,3,1
14806,12,8,1,7,0
137146,23,1,6,7,1
76564,1,3,3,6,0
21313,18,1,7,3,0
2050,14,9,8,0,0
10511,11,9,5,2,0
128703,14,7,5,6,1
177328,17,8,2,0,1
62844,13,1,8,1,0
148943,5,5,1,3,1
35153,11,2,9,2,0
183248,19,1,1,7,1
138217,22,3,1,3,1
57723,5,7,1,0,0
29814,8,1,7,0,0
165558,3,2,4,0,1
109383,16,2,7,3,1
8662,1,4,5,2,0
55148,15,3,7,2,0
93395,23,3,7,1,1
12126,13,5,4,3,0
106247,7,3,2,1,1
31689,13,7,8,5,1
108299,1,5,2,1,1
97374,15,4,9,1,1
26944,3,3,5,1,0
154619,0,4,9,7,1
90515,22,2,9,0,1
54808,19,1,8,5,1
195097,13,3,8,6,1
70925,7,2,4,7,0
51674,2,1,4,1,0
85648,4,1,2,2,0
149984,5,2,4,1,1
186481,21,9,4,0,1
64330,7,5,6,7,0
172800,5,9,3,4,1
40681,5,8,2,6,0
177800,3,6,8,5,1
25205,6,1,2,4,0
79930,23,5,8,4,1
69257,18,1,7,5,0
163614,6,7,3,3,1
87335,2,8,6,6,1
2447,7,8,6,7,0
47750,0,7,5,6,1
148282,0,2,8,2,1
193342,13,5,5,0,1
136095,5,4,7,5,1
182973,9,5,6,7,1
193943,13,9,7,4,1
125026,3,4,9,0,1
81247,5,8,3,0,0
48235,15,8,7,3,0
19299,20,2,3,4,0
140238,0,6,2,1,1
101683,5,5,7,0,1
183308,8,2,4,4,1
92390,14,4,1,6,1
167747,11,7,6,0,1
120887,2,1,6,3,1
177905,10,9,6,3,1
114527,14,1,2,1,1
148163,2,5,1,3,1
153725,13,7,3,7,1
87593,1,8,2,4,1
131806,3,2,6,5,1
12871,18,4,6,3,0
125707,11,2,5,5,1
149470,1,4,5,1,1
79976,16,6,9,6,1
167171,2,6,5,2,1
59748,9,2,6,0,0
193840,15,4,4,7,1
198681,21,4,1,0,1
75883,8,1,4,4,0
44540,10,2,2,1,0
31755,20,3,3,1,0
43139,14,5,7,1,0
55355,2,8,7,0,1
72319,15,6,1,3,0
186161,20,3,8,0,1
11344,20,6,7,0,0
94694,20,7,1,0,1
58695,11,6,8,6,1
170723,22,6,2,6,1
194402,4,1,8,3,1
103998,6,3,3,2,1
28471,8,7,7,4,0
160050,20,4,6,2,1
167329,17,4,5,2,1
6014,20,7,2,0,0
27280,7,9,2,7,0
134860,11,2,1,2,1
80319,19,9,9,0,0
78716,1,3,8,0,0
141088,9,6,8,4,1
187535,18,4,1,1,1
95313,8,1,5,0,1
158532,23,9,6,6,1
37905,7,6,2,2,0
144625,23,8,5,4,1
126699,23,2,6,5,1
153875,23,7,9,5,1
190193,0,6,1,5,1
74276,5,2,3,2,0
94899,11,2,9,1,1
98485,23,4,1,3,1
89019,18,4,1,7,0
138582,16,3,1,1,1
81562,1,8,7,7,1
179440,10,7,5,4,1
165420,17,2,6,1,1
31259,22,3,8,5,1
42139,21,9,2,1,0
47900,10,5,2,4,0
40861,17,2,3,4,0
94726,7,3,3,5,1
118468,14,8,3,6,1
174835,8,4,4,2,1
81003,14,2,3,7,0
171584,6,2,2,0,1
119098,19,6,9,3,1
166539,12,8,6,3,1
136985,12,7,3,5,1
59994,0,4,9,6,1
51544,19,2,4,3,0
165441,3,9,4,1,1
61848,23,4,8,4,1
41290,3,9,7,7,1
40418,3,5,7,6,0
168190,12,7,7,4,1
124178,1,5,5,5,1
39859,22,2,7,4,0
16598,14,6,4,7,0
26089,3,7,8,0,1
156740,5,6,9,4,1
117135,2,3,3,4,1
66677,6,8,7,6,0
105331,5,3,9,7,1
161271,2,5,1,1,1
90000,3,9,2,2,1
171811,9,5,7,3,1
104779,20,7,2,1,1
23582,8,7,7,1,0
69312,5,5,1,1,0
186433,19,2,3,3,1
30148,10,5,5,5,0
134237,6,7,6,1,1
133208,17,7,9,2,1
35914,3,4,9,5,1
190866,4,1,3,4,1
148096,3,6,8,2,1
129593,3,3,4,6,1
60304,12,5,7,7,0
32944,15,4,6,5,0
82043,13,2,8,4,1
21618,10,7,6,4,0
148231,1,5,4,1,1
23152,21,7,2,1,0
69903,13,9,7,3,0
71624,23,4,4,0,0
89672,23,5,9,2,0
139852,6,9,9,3,1
67121,10,4,7,3,0
20143,3,5,5,2,0
2519,6,5,3,7,0
188064,15,8,3,5,1
121931,5,4,9,6,1
101899,5,4,9,2,1
148312,1,7,4,4,1
174656,23,5,1,6,1
195041,7,6,5,7,1
176382,6,6,8,0,1
57700,23,6,4,7,0
116567,13,5,4,5,1
78597,8,5,9,1,0
108711,14,9,9,0,1
137659,21,8,7,0,1
60792,17,4,8,7,1
62212,11,7,4,1,0
162282,22,8,8,0,1
16460,18,9,6,5,0
180582,12,5,3,5,1
83138,6,3,7,5,0
3117,9,4,3,3,0
86361,9,6,7,3,0
191296,1,5,5,5,1
182121,13,9,4,1,1
189440,12,3,3,1,1
66420,21,2,8,2,0
31227,5,6,4,2,0
134368,8,7,8,7,1
75188,12,5,3,5,0
172472,8,1,9,6,1
180886,12,3,6,0,1
32021,4,3,5,0,0
4846,13,4,5,1,0
68635,4,6,3,6,0
65450,8,5,2,0,0
181517,7,1,6,7,1
180392,6,6,1,4,1
81231,7,9,7,3,0
22163,21,1,5,0,0
117216,2,8,4,0,1
89013,22,8,9,2,0
79046,23,3,1,4,0
177143,14,9,4,0,1
134770,7,8,3,3,1
10664,0,3,6,7,0
49825,6,5,5,0,0
86234,18,3,7,1,0
106040,1,5,1,4,1
191112,13,9,5,0,1
62185,17,4,2,6,0
17962,14,6,2,4,0
10365,13,3,2,0,0
140877,23,3,9,3,1
186451,18,5,3,7,1
62571,18,8,4,7,0
91180,21,8,5,3,1
194151,16,3,4,4,1
55928,21,8,4,5,0
116984,18,8,5,2,1
108107,15,3,9,2,1
46204,19,2,9,1,0
41034,18,2,6,5,0
114520,0,9,3,2,1
6150,18,7,6,4,0
175124,6,6,4,2,1
8584,22,7,3,1,0
62748,10,8,6,0,0
60045,4,1,6,2,0
184850,16,8,2,4,1
31423,10,3,9,4,1
86432,23,3,8,1,0
94705,7,6,6,7,1
166533,9,4,1,6,1
10415,11,4,2,1,0
48068,9,4,4,6,0
157691,12,9,7,3,1
9207,17,8,9,3,0
55881,9,3,5,7,0
3969,18,1,2,3,0
81083,19,1,1,6,0
158542,16,1,1,0,1
193867,19,4,5,4,1
191594,15,6,7,7,1
8071,4,4,9,3,0
96905,2,3,9,4,1
25751,14,8,8,1,0
57074,1,8,1,7,1
23546,12,6,5,0,0
169280,21,9,6,1,1
3923,7,1,6,4,0
144626,22,8,4,5,1
135104,16,6,1,6,1
141392,3,1,3,5,1
68065,18,4,4,3,0
159380,21,5,4,5,1
10610,8,7,4,1,0
175217,22,8,5,7,1
141709,14,9,9,6,1
106035,8,6,4,5,1
69234,23,9,9,2,0
72354,20,4,9,0,0
144954,8,8,1,4,1
114880,13,3,5,7,1
125644,22,4,9,6,1
65687,20,4,4,7,0
82338,15,6,5,3,0
75820,23,9,4,1,0
78104,22,6,2,0,0
22172,16,1,2,3,0
81115,12,5,2,1,0
72846,8,9,1,5,0
176874,14,5,3,6,1
102360,6,6,1,4,1
137229,0,3,4,6,1
128359,0,8,1,2,1
31016,4,4,4,7,0
27368,23,4,3,2,0
175150,8,5,9,7,1
23359,11,9,1,6,0
184755,5,8,8,5,1
79500,12,7,9,4,1
34393,7,5,7,0,0
111681,14,9,1,4,1
7143,5,9,4,5,0
181602,5,2,1,1,1
107109,3,4,4,6,1
38993,10,8,3,6,0
171814,20,1,2,6,1
162040,17,5,1,6,1
26409,2,8,6,0,1
23384,2,2,7,2,0
126901,11,2,6,5,1
113359,20,8,9,1,1
100904,20,9,9,5,1
69100,5,7,2,3,0
84279,20,8,2,3,0
193279,5,5,9,3,1
65149,7,1,1,2,0
29365,14,4,5,4,0
23980,17,2,1,0,0
84679,19,3,7,6,0
131427,15,3,9,2,1
132674,5,9,6,7,1
65524,20,4,2,1,0
71066,16,2,6,1,0
172538,8,3,9,3,1
158597,18,3,3,7,1
183500,17,7,9,0,1
67496,22,8,8,3,0
71794,4,6,7,1,0
136978,5,4,8,1,1
17206,11,6,6,6,0
56831,10,1,3,4,0
75110,15,8,7,6,0
32699,19,1,4,4,0
71426,16,5,5,6,0
75806,19,2,8,4,1
9104,8,6,7,3,0
115118,0,9,7,5,1
182536,2,5,8,7,1
25892,20,4,3,0,0
196084,22,2,3,4,1
54745,8,3,2,2,0
7332,21,6,1,4,0
54866,18,8,6,3,0
120701,12,8,6,0,1
81688,22,5,8,4,1
179714,13,5,6,6,1
6013,19,3,6,0,0
112506,18,7,1,2,1
113793,22,6,7,1,1
93549,6,1,7,6,1
10667,3,4,9,0,0
38479,11,6,7,5,0
419,22,6,8,4,1
90105,13,3,4,6,1
111090,1,6,9,3,1
4891,0,6,1,5,0
131501,17,9,8,7,1
61132,19,9,3,7,0
175250,7,2,1,5,1
88762,2,4,2,3,0
21400,5,9,6,3,0
75800,21,4,5,7,0
182117,12,8,3,3,1
55709,8,3,9,5,1
191734,8,3,8,0,1
90145,19,9,3,3,1
62001,8,8,2,1,0
5803,14,1,8,5,1
63215,12,2,5,5,0
27776,21,3,9,5,1
192882,15,2,1,2,1
191249,1,3,3,0,1
121432,13,8,5,0,1
176612,5,6,2,3,1
168095,1,7,3,5,1
29902,7,6,4,6,0
90431,3,1,4,5,1
194076,20,3,9,3,1
191334,23,1,1,0,1
124886,13,9,9,7,1
65269,10,9,9,3,0
68247,23,5,6,7,0
22175,13,4,1,3,0
82115,11,9,6,3,0
9404,15,9,8,3,0
129951,5,3,5,3,1
120829,19,5,5,4,1
59722,0,3,1,4,0
54315,11,2,1,5,0
74073,6,1,8,5,1
108754,7,2,5,6,1
143693,8,8,8,6,1
24128,1,8,2,4,1
39428,16,3,4,0,0
27401,19,7,9,2,0
38115,12,7,3,0,0
36945,4,2,6,6,0
86918,9,9,7,5,0
76494,11,3,3,4,0
175331,16,2,1,0,1
43814,20,3,2,2,0
80822,5,2,7,7,0
25330,2,8,7,3,1
92654,14,5,1,1,1
49362,6,3,7,4,0
41822,5,5,6,4,0
177531,3,8,6,2,1
62896,18,7,7,3,0
171331,4,6,7,3,1
87152,2,1,1,1,0
100908,8,1,5,7,1
136411,5,1,8,3,1
92051,12,8,8,7,1
50986,21,8,3,2,0
103524,19,7,3,7,1
158367,3,6,7,5,1
104797,1,4,4,3,1
96399,3,1,6,5,1
165846,7,9,9,6,1
149277,12,1,2,6,1
160911,9,4,2,5,1
163141,17,3,6,2,1
14597,8,7,3,4,0
132988,0,5,1,4,1
119015,12,5,2,4,1
92119,17,4,7,0,1
190426,14,1,4,4,1
109117,1,5,2,2,1
69485,10,4,8,1,0
105253,13,8,4,6,1
33926,21,2,4,3,0
110134,14,8,2,4,1
194537,13,1,1,0,1
84342,15,4,1,6,0
123166,22,3,3,7,1
50200,14,5,6,6,0
125270,18,5,7,5,1
135531,8,5,9,0,1
96305,4,4,5,2,1
12909,4,8,9,1,1
64550,10,3,8,4,1
38528,19,4,1,4,0
72890,23,1,3,0,0
111226,3,7,8,7,1
90421,19,1,9,2,1
2193,17,2,4,0,0
44598,2,7,6,0,1
116351,3,1,4,1,1
41085,13,3,9,2,0
32109,6,6,2,1,0
128615,7,6,6,2,1
17818,23,6,3,4,0
16805,15,2,4,3,0
87718,19,2,2,5,0
62698,14,6,8,3,0
77978,6,5,8,7,1
12339,16,7,1,7,0
46722,21,7,6,6,0
46765,21,5,1,2,0
32374,21,8,6,3,0
142591,11,6,7,0,1
108468,17,5,2,4,1
146175,23,4,9,7,1
162038,13,7,8,5,1
153160,14,4,9,5,1
187066,14,5,4,6,1
108663,4,5,4,5,1
136846,15,1,8,4,1
93203,4,1,1,3,1
66546,1,3,8,5,1
29172,19,3,7,7,0
33817,8,2,7,5,0
157823,21,2,9,2,1
117302,8,6,7,0,1
175463,3,1,2,2,1
122489,14,6,1,3,1
109625,10,5,1,4,1
194522,0,6,7,4,1
4746,17,5,5,2,0
39813,0,7,4,1,1
68036,7,1,5,2,0
175503,15,3,6,7,1
22285,21,6,6,1,0
84363,17,1,1,6,0
52207,21,7,2,2,0
197726,8,4,3,1,1
17663,11,3,4,1,0
70829,18,9,6,5,0
15801,17,1,9,6,1
179389,4,8,2,5,1
175782,1,1,8,1,1
181303,6,5,9,1,1
128431,9,8,2,0,1
160582,14,6,9,7,1
99380,6,7,7,1,1
189887,4,8,9,7,1
38765,14,6,6,5,0
16057,19,6,2,1,0
179299,19,6,8,4,1
194761,14,5,9,0,1
46108,9,8,8,1,0
62020,23,2,2,5,0
164047,13,7,8,5,1
113928,9,4,3,3,1
123952,16,1,3,5,1
132798,20,5,9,7,1
90915,13,3,9,0,1
194994,1,4,9,7,1
164814,15,7,4,5,1
38411,12,5,7,4,0
32456,8,4,8,2,0
3909,6,1,5,4,0
174543,15,6,1,6,1
34975,9,6,9,7,1
9565,23,7,6,4,0
197267,21,1,3,0,1
73944,8,4,3,0,0
196422,21,9,1,3,1
86989,22,6,8,5,1
15350,6,2,2,3,0
46123,15,4,1,0,0
101450,8,6,7,5,1
177796,23,4,9,0,1
16527,16,7,6,0,0
164448,19,3,8,2,1
71743,6,6,8,4,1
134611,10,4,9,3,1
78772,7,3,7,7,0
17400,6,3,9,3,0
60389,18,2,9,1,0
148354,19,3,1,6,1
182084,11,1,6,2,1
158081,6,3,8,0,1
19759,7,9,9,0,0
162575,6,4,4,2,1
164758,5,3,2,5,1
10460,8,8,9,3,0
21524,12,1,9,0,0
98135,6,5,8,6,1
48891,7,1,3,1,0
134237,21,7,5,3,1
199967,16,5,2,4,1
12400,16,2,3,7,0
33470,15,1,1,7,0
27309,21,7,4,6,0
21027,1,1,5,2,0
34679,7,3,2,3,0
9132,16,6,3,7,0
93354,12,6,6,4,1
78513,17,7,6,1,0
171903,23,1,7,5,1
113628,21,7,9,7,1
184939,9,2,4,2,1
124016,1,6,5,5,1
72402,1,8,2,7,1
181126,13,5,6,6,1
85857,15,3,4,0,0
156274,6,8,5,5,1
165605,20,8,7,0,1
16032,20,4,6,6,0
25814,23,8,8,7,1
57903,11,5,6,4,0
170915,22,5,8,3,1
133724,13,3,4,1,1
56727,3,7,7,4,1
177159,3,9,3,1,1
79910,17,9,1,5,0
45480,2,1,9,1,0
160422,0,1,9,5,1
199516,16,5,6,1,1
64786,6,1,2,2,0
120421,15,4,8,4,1
45128,4,1,6,7,0
146467,18,2,7,7,1
113241,6,2,1,2,1
55348,13,4,3,3,0
10623,1,8,1,7,1
45630,2,2,1,3,0
13869,16,9,1,0,0
194214,15,9,4,7,1
112135,7,2,7,0,1
175817,17,1,7,7,1
193314,14,9,5,7,1
156729,6,2,6,0,1
79882,8,8,2,6,0
78482,5,3,5,3,0
168257,17,1,7,1,1
181880,17,1,9,5,1
182529,23,2,6,6,1
111039,13,7,4,1,1
144642,13,6,3,4,1
78812,13,2,9,3,0
118743,3,4,7,7,1
107517,3,2,6,7,1
137977,14,1,7,7,1
128356,14,3,8,5,1
193200,17,4,5,5,1
181944,13,5,3,5,1
183276,0,5,3,0,1
101522,9,7,2,5,1
89400,19,8,8,5,1
6730,9,9,1,3,0
124574,9,7,8,1,1
98969,23,5,3,6,1
15801,1,9,9,6,1
146031,7,8,2,7,1
152355,0,9,9,1,1
171610,0,8,6,2,1
97385,3,6,1,2,1
117656,6,4,5,4,1
173416,8,9,9,3,1
15121,15,9,6,2,0
186737,4,9,7,2,1
179215,1,3,4,3,1
64461,22,3,1,1,0
132417,10,6,5,7,1
172183,17,6,2,4,1
10455,18,6,8,4,1
98941,12,5,4,4,1
179864,23,5,1,2,1
180176,10,2,7,1,1
160886,19,7,2,4,1
17298,18,4,3,3,0
67051,16,3,9,4,1
132824,4,8,9,6,1
174797,12,4,2,0,1
18840,19,4,3,1,0
3910,0,8,9,0,1
123843,9,1,1,1,1
147741,7,9,2,5,1
99955,23,7,2,3,1
26883,7,2,3,5,0
121801,18,6,3,2,1
78147,5,8,2,2,0
9571,11,5,8,5,1
110871,6,6,8,1,1
6263,15,8,8,4,1
194259,8,6,2,0,1
62171,20,9,9,3,0
16165,21,9,7,4,0
122423,9,9,5,2,1
118069,9,6,7,4,1
83556,9,9,8,7,1
179520,19,3,9,7,1
19254,15,5,2,5,0
105803,0,2,6,7,1
20329,16,8,9,5,1
52687,20,4,6,6,0
49813,13,6,2,6,0
158169,18,6,1,0,1
21201,20,5,3,7,0
40491,20,1,5,2,0
72823,16,7,7,1,0
190577,13,8,3,7,1
166120,7,1,9,3,1
100364,20,7,4,5,1
184203,20,4,2,7,1
38021,8,6,3,3,0
28560,7,9,5,2,0
152243,12,5,3,1,1
197290,16,8,5,6,1
179454,18,5,4,5,1
91825,6,2,3,0,1
58545,16,4,6,3,0
82308,0,2,8,7,1
185988,4,7,4,2,1
106383,5,7,9,3,1
85879,1,3,6,7,0
3160,15,7,5,6,0
125906,21,1,3,6,1
13831,4,1,5,1,0
77930,4,9,5,0,1
115971,11,6,4,6,1
20819,2,5,6,1,0
178214,15,6,3,6,1
49216,5,6,1,5,0
26425,14,1,7,4,0
153769,14,5,7,1,1
198611,15,9,4,1,1
14651,19,4,9,3,0
93387,12,3,2,6,1
24378,11,1,1,1,0
15241,9,2,3,2,0
68013,13,3,7,5,0
33715,1,4,9,3,0
122158,2,7,2,3,1
193923,8,6,6,4,1
112784,10,8,3,5,1
27552,10,9,5,7,0
153897,21,6,9,2,1
50491,9,7,3,5,0
120388,13,4,1,1,1
113635,8,2,5,4,1
142870,19,9,1,2,1
86811,20,9,8,4,1
77950,9,4,7,5,0
109833,21,3,2,0,1
2465,8,6,9,5,1
97762,4,3,5,1,1
43472,7,1,7,4,0
44234,10,4,4,0,0
37923,0,1,1,1,0
71258,20,2,8,4,1
96176,9,3,1,4,1
133121,0,8,3,5,1
49496,21,4,6,6,0
108436,6,4,8,4,1
32012,13,9,8,4,1
57047,4,7,2,3,1
44487,16,2,9,6,1
195137,21,3,4,4,1
16608,20,4,4,5,0
45692,5,4,2,3,0
109349,15,8,1,3,1
2019,10,6,7,7,0
42695,9,3,3,0,0
140789,14,9,4,1,1
33398,6,8,9,3,0
138101,22,9,6,2,1
14556,1,5,1,3,0
109699,11,3,9,7,1
86776,18,4,9,2,0
83821,11,5,5,7,0
38024,15,9,8,7,1
24340,5,9,7,6,0
87481,2,3,8,0,0
9328,1,7,9,2,1
21786,19,6,2,0,0
12020,4,4,5,0,0
7532,10,5,8,0,0
194747,2,2,3,2,1
110607,2,7,6,2,1
130609,21,4,6,0,1
71825,4,2,7,6,0
165082,21,6,3,0,1
121864,22,2,8,6,1
161398,10,2,8,1,1
59199,2,7,9,6,1
112657,12,1,8,6,1
86860,20,7,3,6,0
18113,7,5,6,0,0
21546,19,1,9,4,1
105309,9,6,1,1,1
193681,1,7,3,1,1
102361,3,1,2,7,1
95839,17,9,8,1,1
657,18,7,6,4,0
161838,3,1,8,1,1
168561,19,3,2,1,1
178872,8,5,6,2,1
130978,15,4,7,5,1
99243,5,2,8,7,1
24678,3,1,9,2,0
74879,8,4,5,0,0
140768,12,7,3,7,1
57600,8,4,2,0,0
72634,5,9,8,7,1
10229,20,8,1,6,0
194566,18,8,6,3,1
197218,13,5,2,7,1
11696,20,1,3,5,0
65455,14,9,8,4,1
13074,2,2,1,2,0
197845,4,6,6,7,1
112104,20,5,3,0,1
126894,17,8,6,4,1
70302,13,3,3,1,0
74542,15,6,8,4,1
152990,13,6,5,2,1
174418,8,3,4,5,1
55698,14,7,9,3,0
133826,6,4,5,6,1
33858,13,5,4,2,0
24304,5,9,8,6,1
127409,20,6,8,5,1
166100,14,4,8,0,1
184781,19,8,4,6,1
30652,7,9,1,0,0
141508,1,5,2,4,1
47137,7,2,4,2,0
147378,0,6,2,0,1
34931,16,8,3,1,0
43663,18,5,9,1,0
18461,4,1,9,3,0
41435,21,8,9,4,1
74569,19,9,7,0,0
25916,15,1,4,3,0
146791,6,8,1,1,1
92579,6,2,3,3,1
26919,17,4,8,7,1
142913,17,2,4,3,1
122430,1,2,2,0,1
8898,14,3,8,0,0
156315,13,8,7,0,1
49795,17,4,9,4,1
163919,8,7,2,6,1
129644,13,3,5,3,1
152354,4,3,6,3,1
9515,10,2,2,4,0
142257,7,6,2,1,1
146180,4,6,4,2,1
87738,10,1,8,6,1
18552,4,7,5,1,1
195247,16,4,9,4,1
139292,21,3,4,6,1
195557,3,8,3,6,1
110305,14,2,8,3,1
18270,18,9,1,3,0
16359,21,8,9,0,0
22199,1,8,4,0,1
140821,23,3,9,7,1
129494,16,4,8,3,1
59358,11,2,3,3,0
172209,23,2,3,5,1
11905,16,4,9,6,1
43247,9,6,3,0,0
74380,17,5,4,0,0
177225,18,1,9,1,1
106877,17,1,4,3,1
97941,12,6,3,6,1
124826,13,3,7,3,1
128459,23,3,6,4,1
76315,15,7,1,1,0
113009,17,1,8,2,1
95465,17,1,1,2,1
11085,15,3,4,2,0
12491,16,8,6,6,0
4961,6,1,6,5,0
194754,11,4,7,0,1
183100,1,9,5,6,1
34464,9,4,5,2,0
82499,4,8,4,4,1
43023,20,7,6,7,0
139091,2,3,7,6,1
187068,18,7,1,6,1
85918,12,7,9,7,1
178568,11,3,8,0,1
166012,2,2,7,0,1
173427,5,9,9,2,1
71260,13,1,3,0,0
128265,3,7,4,7,1
139348,12,4,7,1,1
33629,18,2,6,7,0
187578,17,2,2,7,1
144113,2,8,2,1,1
1769,19,7,7,7,0
117473,5,7,9,2,1
44959,15,5,9,6,1
55886,19,8,7,4,0
182255,23,2,8,0,1
171248,2,2,3,3,1
20423,11,5,1,6,0
6121,18,1,7,2,0
39907,18,6,8,5,1
128405,23,4,2,0,1
50455,3,6,9,2,0
113515,0,7,4,7,1
175904,1,3,9,2,1
8811,12,8,3,4,0
194251,12,7,8,3,1
8004,1,1,2,0,0
64133,18,6,3,2,0
86578,21,7,1,2,0
120135,23,4,5,6,1
186268,15,2,4,0,1
3193,11,9,1,7,0
25018,0,7,9,2,1
193808,8,1,6,2,1
189978,16,8,6,2,1
140566,9,3,2,1,1
124601,17,4,7,1,1
92610,18,5,9,3,1
93808,6,1,6,4,1
97919,18,6,8,6,1
144452,23,6,5,6,1
36403,14,2,2,0,0
27553,8,6,4,4,0
108986,9,8,1,7,1
60795,22,6,1,4,0
199621,19,4,6,6,1
156937,19,4,2,7,1
133512,3,9,6,1,1
38157,5,6,1,3,0
131769,3,8,3,7,1
189160,4,8,9,7,1
94755,8,7,2,4,1
15125,11,3,8,6,1
7245,22,1,6,4,0
101306,7,5,6,2,1
186969,20,2,7,0,1
41823,4,2,5,3,0
73330,10,7,4,6,0
136002,22,3,6,0,1
155102,10,8,8,7,1
154924,12,9,4,1,1
108238,13,8,5,4,1
62140,7,6,7,4,0
108768,17,5,6,5,1
198868,18,3,4,0,1
195820,11,3,4,1,1
55130,11,7,4,6,0
56915,17,5,1,5,0
112889,9,6,5,7,1
166862,6,6,8,5,1
58023,17,9,7,2,0
167744,11,1,5,5,1
185202,13,8,3,5,1
68004,14,5,1,2,0
160375,15,6,7,4,1
77188,1,6,3,4,0
5708,17,1,4,7,0
45767,11,3,5,3,0
55647,15,6,8,5,1
153657,12,9,7,0,1
141034,19,6,9,4,1
128491,16,6,3,1,1
76048,17,1,1,6,0
71980,2,9,1,0,1
57660,22,4,1,3,0
115163,9,2,2,5,1
94318,0,1,2,2,1
114562,5,3,7,3,1
159587,2,3,9,0,1
195695,18,5,8,2,1
150495,3,1,4,7,1
184386,19,7,2,1,1
18097,22,1,3,2,0
121366,2,4,5,2,1
188175,7,6,9,1,1
3779,7,1,8,4,1
40408,6,7,3,4,0
171014,1,7,9,2,1
196580,20,3,3,6,1
185110,5,4,8,2,1
5795,15,6,1,3,0
58599,9,7,4,6,0
23482,3,4,4,4,0
14335,12,9,6,1,0
193395,9,9,2,5,1
133538,20,9,7,5,1
158639,13,6,5,2,1
190488,8,2,6,2,1
112568,10,2,6,5,1
6864,22,4,6,3,0
113931,17,9,8,3,1
61936,10,3,4,3,0
32023,16,6,8,7,1
95811,1,2,9,0,1
16392,2,1,4,1,0
125013,10,5,1,0,1
132786,17,8,3,2,1
21039,2,2,1,3,0
18900,14,9,7,3,0
56540,10,8,1,5,0
154418,10,3,4,7,1
127621,19,1,1,5,1
183977,10,4,2,6,1
121427,18,8,1,3,1
49748,0,3,5,7,0
115292,4,2,7,4,1
188023,9,7,3,5,1
162860,9,4,8,1,1
93598,13,6,5,7,1
29864,1,5,5,0,0
32570,3,2,5,7,0
169673,1,2,8,1,1
57307,17,9,2,5,0
62257,12,2,2,3,0
134388,18,8,8,2,1
153244,4,8,9,7,1
93878,19,1,2,4,1
130116,1,1,4,5,1
124388,10,4,8,1,1
168304,17,2,2,7,1
110673,5,1,4,2,1
120830,22,9,1,5,1
149033,9,3,2,3,1
64286,21,1,7,6,0
5060,22,2,1,3,0
18881,16,8,1,3,0
31226,21,5,2,3,0
153750,10,7,4,5,1
106134,18,6,7,6,1
17983,16,1,4,4,0
29882,23,6,5,4,0
56487,3,7,4,1,1
148151,23,4,4,5,1
33846,13,8,9,7,1
66366,19,8,6,7,0
156,3,7,3,6,1
31557,13,2,6,7,0
133415,3,6,7,6,1
186203,5,6,7,3,1
132873,8,7,8,7,1
187553,20,6,4,4,1
181610,11,2,1,5,1
73939,7,8,6,2,0
80736,23,4,8,4,1
107797,3,9,5,7,1
66583,4,8,3,4,1
20605,5,3,4,6,0
137725,4,3,8,1,1
33625,18,8,6,4,0
96108,7,2,5,2,1
44448,8,9,9,3,0
7373,14,4,3,0,0
64336,3,6,7,1,0
134707,8,3,9,2,1
149849,6,3,4,1,1
107257,7,3,3,7,1
1008,14,2,1,5,0
108452,18,8,9,7,1
96067,14,9,1,3,1
89089,4,8,2,4,1
35179,18,3,9,7,1
111989,6,7,5,5,1
49423,5,2,4,4,0
176492,18,4,9,7,1
90009,16,6,9,6,1
46205,9,5,2,2,0
161336,18,9,3,3,1
133057,10,4,3,0,1
188991,14,5,5,0,1
1149,9,4,3,4,0
53381,10,8,6,5,0
43371,22,8,2,6,0
66797,2,3,6,3,0
197523,2,1,6,3,1
36634,17,6,2,2,0
93134,10,2,6,5,1
58197,19,2,6,0,0
184985,21,3,6,2,1
25137,17,8,5,7,0
167179,14,3,7,1,1
27378,6,7,5,3,0
139444,9,9,1,0,1
188355,20,8,9,2,1
99273,22,1,3,4,1
38394,19,7,2,1,0
73377,9,7,6,2,0
193681,12,8,8,4,1
4794,14,5,2,0,0
58250,22,9,4,0,0
67570,17,9,2,1,0
21656,22,8,9,4,1
195643,3,6,2,3,1
181027,19,6,2,6,1
49186,16,1,5,6,0
150079,2,6,5,0,1
179659,20,4,7,5,1
160330,20,4,1,3,1
151465,1,2,2,3,1
176933,3,4,6,6,1
99568,0,5,2,2,1
33487,14,5,4,7,0
171922,0,5,6,2,1
68702,5,4,7,0,0
152428,6,1,5,3,1
136766,18,8,8,2,1
2560,11,3,6,4,0
72456,0,2,5,4,0
54798,6,9,4,7,0
101846,18,7,6,4,1
16291,12,9,6,7,0
84731,11,2,6,4,0
10629,11,9,1,7,0
32275,21,9,6,7,0
17775,12,9,1,7,0
174330,13,4,5,3,1
46898,21,3,7,4,0
71010,11,6,1,3,0
130500,19,3,1,6,1
157148,11,9,6,0,1
194288,5,3,7,7,1
78778,9,2,6,0,0
62921,19,8,5,4,0
12304,23,6,6,4,0
186837,8,8,3,4,1
7494,1,7,9,7,1
64914,6,3,5,0,0
33693,8,8,2,2,0
173136,11,1,7,0,1
115164,4,1,3,4,1
53465,0,8,1,2,1
131615,21,9,3,7,1
159352,14,6,9,2,1
179963,7,5,5,1,1
174837,0,2,7,6,1
103800,17,9,3,3,1
97177,12,6,4,6,1
134637,0,8,1,4,1
68347,4,9,3,3,1
182731,17,9,7,1,1
156370,15,8,4,3,1
54840,9,8,2,4,0
153660,3,3,5,1,1
169687,0,3,5,3,1
27998,22,2,2,7,0
133091,7,1,6,0,1
181242,4,4,4,2,1
62713,1,2,1,6,0
96807,23,2,3,1,1
111877,16,5,9,0,1
47103,6,4,7,4,0
48578,16,1,6,2,0
145606,5,9,1,6,1
177418,21,4,9,1,1
167821,14,5,9,2,1
59130,4,7,1,5,1
184233,14,2,6,7,1
133171,17,8,7,5,1
146021,17,2,2,1,1
52900,20,5,8,1,0
5545,20,2,8,3,0
149212,22,2,6,2,1
195487,5,4,9,5,1
346,1,4,3,6,0
31253,16,8,2,5,0
5312,20,6,2,2,0
134511,3,8,6,5,1
56338,11,7,7,6,0
150566,18,4,6,0,1
53971,1,2,3,7,0
100772,1,9,5,5,1
34707,13,2,8,7,1
52155,14,1,6,5,0
104609,19,8,2,4,1
135567,1,9,7,0,1
127478,3,1,8,3,1
146462,18,7,4,1,1
87787,8,2,1,6,0
65178,6,6,2,5,0
134863,12,5,4,6,1
138642,11,1,7,3,1
135013,2,2,2,3,1
102752,12,2,6,0,1
63297,14,6,2,6,0
55873,13,1,7,1,0
148948,23,4,2,4,1
119043,8,5,3,3,1
27684,12,2,9,4,1
135472,22,2,4,1,1
3438,21,7,5,1,0
62701,3,7,9,7,1
136659,20,6,7,0,1
36382,7,1,8,6,1
115547,2,3,3,2,1
95898,1,9,4,6,1
131063,18,1,7,5,1
108711,22,2,4,0,1
159976,7,8,2,6,1
141087,16,7,6,4,1
11258,12,9,9,7,1
10647,6,4,2,6,0
88813,8,4,1,0,0
2559,11,7,8,1,0
159940,13,1,1,7,1
63246,13,9,1,3,0
103677,14,2,3,7,1
182042,2,1,5,7,1
107861,14,7,9,5,1
103827,18,6,2,5,1
50560,23,3,1,2,0
83070,19,1,1,1,0
191989,13,5,8,5,1
169419,7,4,2,7,1
15519,4,5,9,5,1
35677,18,1,9,3,0
3021,3,1,2,4,0
135848,13,5,3,4,1
180856,15,6,2,4,1
144635,19,5,6,0,1
156646,23,2,7,4,1
41035,5,9,6,4,0
125634,22,5,3,0,1
198177,5,5,3,7,1
189768,2,9,2,7,1
72928,14,3,2,7,0
123749,2,5,5,3,1
89162,10,5,8,1,0
55252,2,2,6,5,0
96591,9,4,9,2,1
86669,17,2,5,5,0
72567,0,5,4,7,0
183748,15,2,9,7,1
197799,15,9,5,4,1
156944,9,6,1,4,1
147535,0,8,5,6,1
159662,3,9,5,5,1
190176,2,8,5,7,1
122637,4,5,2,5,1
53906,11,5,6,6,0
131432,11,6,5,4,1
76092,12,1,2,7,0
22420,23,8,8,0,0
79071,11,2,6,7,0
173317,15,6,3,0,1
194860,12,9,9,0,1
48681,4,3,4,2,0
93745,23,2,3,1,1
20854,3,5,7,4,0
69937,20,9,8,3,0
138379,14,6,7,5,1
159092,11,8,1,5,1
123846,18,8,1,4,1
114880,20,7,5,4,1
87181,18,5,8,4,1
24116,20,2,3,5,0
60622,10,5,8,6,1
120996,20,7,3,4,1
185240,5,7,4,5,1
112199,8,2,7,1,1
151274,0,7,3,3,1
104529,11,6,4,0,1
2024,13,7,8,6,1
85115,5,8,4,3,0
105087,0,4,9,4,1
54433,21,1,4,3,0
177271,1,8,4,4,1
188518,23,8,5,3,1
126472,10,3,1,2,1
181234,2,3,7,7,1
131478,9,5,9,3,1
88595,5,3,9,7,1
69867,5,5,1,0,0
104432,19,8,6,0,1
143379,20,1,3,6,1
39526,1,2,4,3,0
6436,23,2,8,5,1
112300,9,4,4,7,1
17356,22,9,8,5,1
180989,5,2,4,5,1
33819,22,9,9,3,0
42117,16,7,6,5,0
45804,13,8,1,1,0
30113,4,1,2,3,0
80091,22,5,7,0,0
70358,16,9,7,7,0
78448,1,4,3,6,0
167948,8,2,1,5,1
10160,11,6,8,2,0
137827,18,2,7,5,1
50023,21,3,8,0,0
78663,6,8,1,1,0
135202,8,3,3,3,1
89879,20,2,2,5,0
164461,15,6,1,2,1
150911,19,3,5,7,1
99804,10,1,3,6,1
129257,11,3,8,0,1
110334,14,6,6,6,1
61787,17,3,9,6,1
36591,18,9,9,2,0
72215,15,7,6,7,0
118035,14,5,2,4,1
83878,4,2,9,0,0
135953,10,9,2,4,1
20548,14,5,3,2,0
51650,17,7,6,3,0
49394,12,9,2,3,0
21546,3,4,5,3,0
76679,16,9,2,6,0
114779,3,1,4,4,1
85715,15,6,3,6,0
17201,22,2,5,3,0
197350,14,8,6,6,1
28116,13,5,7,1,0
150104,11,3,8,0,1
175825,2,2,9,0,1
90581,9,8,4,7,1
52902,7,7,4,6,0
7649,5,9,7,7,0
156534,21,8,9,2,1
47942,13,4,2,5,0
46639,16,2,6,4,0
33817,20,2,8,0,0
185768,18,2,5,6,1
154188,15,6,5,4,1
186372,14,7,8,2,1
191459,14,6,1,3,1
115142,0,2,6,5,1
128022,23,4,9,2,1
92547,22,3,6,1,1
83502,22,4,7,3,0
42707,11,5,4,3,0
158793,9,7,1,3,1
12923,13,9,9,2,0
30086,9,2,6,1,0
121782,9,8,3,5,1
64425,19,3,4,4,0
128025,10,9,6,2,1
57871,21,4,6,0,0
55073,15,3,9,0,0
145862,8,6,4,2,1
39207,14,9,5,4,0
57988,13,7,5,0,0
11056,18,4,3,4,0
86939,8,3,2,3,0
187399,3,4,8,2,1
167705,20,3,9,3,1
187406,6,3,9,0,1
101231,21,9,5,4,1
67694,7,4,9,3,0
188073,23,9,4,0,1
11619,7,5,2,6,0
162287,18,7,3,1,1
197438,14,5,1,3,1
1932,15,1,5,1,0
172540,21,2,1,1,1
114022,22,5,1,5,1
105574,8,6,7,7,1
69815,11,7,2,0,0
71935,15,2,8,2,0
73466,3,9,6,4,1
37670,4,6,4,6,0
137787,7,2,9,0,1
38411,0,2,8,5,1
90345,5,3,3,5,1
103287,14,1,3,6,1
23534,3,9,4,3,1
86979,20,4,9,4,1
15839,10,5,9,5,1
66302,4,7,5,2,1
98680,17,1,9,0,1
79699,23,3,6,2,0
164821,14,3,8,3,1
178617,17,2,8,7,1
116870,19,8,7,0,1
39570,12,5,4,3,0
75065,4,1,4,4,0
125432,0,2,6,4,1
179793,21,1,9,7,1
129781,17,6,7,2,1
164098,13,9,5,2,1
114400,4,7,5,4,1
38097,5,5,8,1,0
191112,23,3,6,4,1
171896,15,8,1,6,1
97905,21,4,1,0,1
162876,20,9,9,6,1
122302,11,5,8,3,1
159563,19,6,6,4,1
194463,17,5,1,4,1
2626,1,7,2,7,1
155858,22,7,3,7,1
73439,20,1,3,5,0
6674,22,2,2,3,0
8833,12,7,2,5,0
50390,16,8,6,3,0
72893,16,4,7,6,0
36151,15,6,4,0,0
16009,20,3,1,3,0
77438,17,7,6,2,0
73532,7,3,7,7,0
28233,2,7,4,4,1
182743,16,8,6,7,1
79162,17,3,9,3,0
182080,22,2,4,0,1
142450,5,6,4,3,1
111646,7,4,5,4,1
51558,22,8,3,1,0
195437,12,2,2,3,1
187954,7,4,9,2,1
55515,18,2,1,7,0
54260,5,2,5,4,0
54499,22,2,5,0,0
25398,14,1,8,6,1
153363,9,4,6,6,1
188136,16,2,6,4,1
164264,0,9,6,5,1
89507,6,9,4,1,0
62613,12,7,1,0,0
51197,2,6,3,1,0
161451,18,3,6,6,1
145576,14,7,5,1,1
35298,4,1,1,2,0
50097,10,9,5,7,0
131739,21,4,2,6,1
192204,17,6,1,3,1
2279,2,6,4,2,0
2119,5,3,6,2,0
81555,2,4,7,5,0
149876,4,3,9,2,1
149202,8,6,5,0,1
126983,18,1,8,3,1
69545,12,8,8,3,0
73651,5,8,9,6,1
3520,10,9,3,0,0
59975,20,6,3,2,0
178825,20,1,9,2,1
16840,13,3,7,1,0
65363,5,1,4,6,0
105889,5,5,1,6,1
195731,16,3,7,1,1
19565,10,2,6,5,0
182604,14,3,3,4,1
4231,8,9,5,1,0
10752,20,8,3,3,0
196145,16,3,8,7,1
178319,23,2,5,0,1
47771,6,5,6,2,0
89442,6,1,2,4,0
19271,20,4,8,1,0
186864,0,8,9,6,1
58641,7,1,3,4,0
9570,4,5,6,0,0
192516,18,4,6,7,1
44408,7,6,2,0,0
181811,16,7,8,6,1
152498,18,9,5,4,1
135769,11,1,8,4,1
102940,22,4,8,5,1
161960,14,6,3,4,1
196192,3,7,5,2,1
49577,22,7,7,7,0
108361,11,8,5,7,1
102566,12,8,6,7,1
33171,13,8,2,3,0
193095,4,8,8,1,1
70660,21,8,5,6,0
188664,15,6,6,1,1
162942,6,9,1,7,1
76862,14,3,2,1,0
166571,12,6,4,4,1
188611,15,5,9,6,1
175587,11,8,6,4,1
143741,6,4,8,5,1
2469,15,4,2,4,0
110063,22,5,5,5,1
628,22,6,1,5,0
108906,12,4,4,2,1
161486,22,2,1,2,1
103079,2,2,9,2,1
149219,14,3,2,7,1
19848,2,2,7,2,0
35209,6,1,3,0,0
14019,17,8,2,2,0
47598,13,5,4,2,0
55908,17,1,7,2,0
70541,18,9,7,5,0
113943,13,8,9,1,1
74520,19,4,3,6,0
160078,5,8,7,1,1
107547,7,7,6,1,1
66996,6,7,7,3,0
103531,19,1,7,0,1
153118,17,6,5,5,1
47120,17,4,9,4,1
22261,14,2,7,5,0
27838,19,7,7,2,0
135097,21,9,3,1,1
139635,18,5,1,5,1
57253,21,8,5,0,0
61109,20,5,8,2,0
88038,20,7,5,3,0
99646,1,7,3,4,1
172724,7,9,9,2,1
56371,20,3,2,6,0
9897,10,1,3,4,0
86230,17,2,4,5,0
72042,22,6,1,2,0
118165,12,9,4,3,1
14065,8,3,4,5,0
13833,8,2,9,0,0
184395,16,1,8,4,1
127282,6,2,2,4,1
158098,8,3,7,0,1
159955,21,7,6,7,1
83460,0,2,7,7,0
167566,1,5,4,6,1
108478,3,2,5,7,1
195968,13,7,6,4,1
28387,3,8,9,7,1
82204,1,8,2,5,1
161608,7,8,9,1,1
87016,17,9,1,6,0
3288,18,1,4,0,0
91305,13,1,5,3,1
97449,19,2,9,6,1
137937,9,6,6,2,1
182798,16,1,4,7,1
141979,7,5,2,2,1
10304,13,5,5,0,0
189116,20,4,8,7,1
42220,22,5,8,1,0
103003,7,1,6,5,1
153830,4,6,1,3,1
37181,15,7,8,2,0
35086,7,8,4,2,0
79422,9,2,2,5,0
94919,7,7,1,1,1
130115,8,6,7,4,1
50404,17,9,2,6,0
65692,2,8,4,0,1
58648,16,4,4,1,0
98547,19,9,1,1,1
40086,14,1,2,1,0
74195,20,6,1,1,0
91694,16,8,6,4,1
88381,7,4,3,5,0
66251,1,2,1,3,0
73698,16,2,8,6,1
28314,17,1,4,1,0
38845,4,5,7,6,0
173720,8,6,2,1,1
141853,8,4,6,0,1
138156,1,4,6,2,1
158751,1,5,7,4,1
90910,18,5,1,1,1
186105,22,9,1,7,1
158571,2,8,2,3,1
162653,16,9,2,3,1
1044,13,3,5,3,0
94093,13,3,1,7,1
9214,13,1,2,0,0
39946,5,6,6,3,0
32696,2,4,3,5,0
104187,0,8,4,0,1
7007,15,2,1,4,0
159286,3,2,5,3,1
25109,0,7,4,2,1
84946,16,5,8,1,0
50341,17,1,3,4,0
166897,7,7,1,5,1
19096,1,7,5,2,1
137219,17,6,1,4,1
28867,15,4,5,5,0
16447,9,8,9,3,0
102163,7,2,5,4,1
24202,11,2,2,4,0
4363,21,2,2,4,0
108685,15,3,9,0,1
67538,11,6,5,7,0
96459,10,1,8,2,1
161712,19,2,4,6,1
130351,18,2,2,5,1
194941,0,1,4,7,1
172015,2,3,4,3,1
27790,11,7,9,1,0
3094,8,1,6,3,0
103633,20,7,6,3,1
67646,21,5,5,0,0
138549,4,9,6,0,1
78672,0,2,1,4,0
26567,9,1,5,7,0
131220,16,9,6,3,1
168150,3,8,8,2,1
47706,14,6,4,0,0
98212,18,5,5,5,1
73514,7,8,4,7,0
93245,22,8,7,0,1
180394,14,5,6,2,1
48215,6,7,4,0,0
89706,14,1,6,6,0
40747,7,4,4,2,0
54707,22,2,8,7,1
188582,9,3,3,6,1
22096,17,1,8,6,1
186093,3,2,2,1,1
83797,14,1,6,2,0
46122,10,8,8,1,0
40248,21,4,1,5,0
67864,2,3,6,4,0
92001,14,1,9,4,1
90824,2,2,2,7,1
124866,14,3,1,7,1
8988,5,3,2,7,0
170331,0,6,5,6,1
173369,13,8,6,0,1
99041,15,6,1,2,1
155646,0,2,7,0,1
17433,20,2,4,2,0
36455,16,7,9,7,1
129786,7,1,6,0,1
197430,17,1,9,4,1
162317,15,7,1,5,1
103270,5,9,4,4,1
75775,9,5,2,0,0
181026,9,1,6,2,1
67764,4,5,4,3,0
86253,11,1,9,5,1
93716,19,9,3,2,1
35385,16,4,1,0,0
148705,13,9,1,2,1
163796,13,2,9,7,1
47096,2,7,9,1,1
47047,11,2,5,2,0
159128,19,4,2,4,1
51130,17,6,9,6,1
189769,11,2,8,4,1
42543,1,2,6,1,0
128444,1,2,7,5,1
65564,16,3,6,2,0
128119,9,5,5,5,1
135124,17,9,4,3,1
188052,21,6,7,2,1
183373,18,9,4,4,1
120554,20,5,9,6,1
124544,0,6,5,4,1
112275,23,8,8,5,1
42560,3,3,6,0,0
153968,3,2,4,4,1
162918,1,3,3,0,1
115,18,9,6,4,0
49857,20,6,1,7,0
157129,11,4,2,4,1
81641,9,3,7,6,0
21392,12,2,4,3,0
122794,21,4,5,0,1
163048,22,9,1,0,1
191899,19,4,2,4,1
47146,22,5,4,7,0
14917,14,8,8,0,0
9859,2,2,4,4,0
179604,22,3,3,4,1
6512,19,6,3,5,0
188929,12,7,5,2,1
20604,7,4,3,0,0
108600,6,1,8,6,1
8607,23,7,5,1,0
21150,7,9,7,5,0
135992,17,1,8,0,1
139007,8,1,5,6,1
100253,5,1,8,7,1
13687,3,7,3,0,1
57832,14,9,7,3,0
52021,4,3,8,1,0
176671,4,8,7,1,1
117834,6,9,2,6,1
130204,8,3,8,3,1
138012,6,3,6,3,1
196249,8,1,3,0,1
31540,19,2,4,2,0
35283,9,7,7,6,0
96272,3,3,3,3,1
133561,5,7,1,1,1
186248,23,5,6,6,1
114615,13,8,3,1,1
123283,8,5,6,0,1
66399,0,3,3,6,0
115603,16,9,6,2,1
39123,12,7,4,4,0
181201,23,5,4,6,1
40041,6,7,2,3,0
185122,8,9,4,3,1
121777,10,5,4,0,1
76154,2,7,7,5,1
65463,11,9,5,5,0
61842,20,1,8,2,0
45315,2,4,7,1,0
47957,14,1,9,1,0
55576,20,8,8,4,1
159345,9,3,9,1,1
140567,0,2,1,5,1
59868,13,4,3,5,0
103691,19,3,5,7,1
46329,5,5,9,3,0
157811,1,8,8,4,1
111806,22,8,7,2,1
62683,7,7,2,4,0
160096,0,8,6,6,1
126111,3,5,4,2,1
30204,3,6,5,5,0
37694,4,8,5,1,1
3764,19,1,4,0,0
10628,8,6,4,4,0
159362,22,6,4,4,1
197205,12,5,2,3,1
192333,17,4,1,7,1
128504,16,1,2,7,1
32999,0,8,7,7,1
71079,21,6,1,3,0
17341,14,3,6,5,0
46311,1,3,4,2,0
63572,15,6,2,7,0
31446,19,7,3,0,0
81296,21,8,7,6,0
104551,4,5,6,3,1
103008,21,6,6,3,1
173392,18,1,8,1,1
149114,4,6,8,1,1
49267,1,9,6,5,1
36473,6,4,1,7,0
67243,2,1,7,5,0
120723,16,9,8,3,1
110113,23,4,5,2,1
2116,23,2,4,6,0
69210,2,1,7,7,0
177481,12,3,6,0,1
7374,6,7,6,3,0
15848,23,2,3,2,0
151347,2,9,4,2,1
11926,14,2,5,7,0
83108,17,5,9,3,0
129388,9,8,8,7,1
165301,22,8,3,2,1
154662,6,3,6,4,1
105723,8,2,1,7,1
172607,4,9,3,2,1
139692,19,3,7,3,1
83206,7,8,7,2,0
193049,13,2,2,7,1
150970,3,3,3,6,1
54738,19,1,7,3,0
69172,13,6,6,1,0
67409,11,7,7,3,0
161066,1,4,9,2,1
194135,12,1,8,3,1
124824,0,3,6,0,1
185739,19,9,4,3,1
127943,6,5,9,3,1
35426,8,6,7,7,0
186231,16,4,5,0,1
5179,20,1,2,0,0
157010,22,5,9,0,1
121512,12,5,7,5,1
87440,22,5,9,4,1
178281,9,6,9,5,1
85311,15,2,5,3,0
156766,5,1,7,5,1
42849,15,2,5,7,0
167464,10,6,3,5,1
118292,19,5,8,0,1
74634,2,5,8,0,0
79333,8,6,9,1,0
51918,14,7,6,5,0
112010,12,9,2,4,1
13529,9,7,3,7,0
57848,19,2,6,7,0
48907,23,6,1,7,0
7240,12,9,2,3,0
63326,16,7,8,6,1
146073,6,2,8,7,1
88915,5,3,6,6,0
28625,12,8,3,2,0
20591,16,9,2,4,0
199988,14,4,6,4,1
166152,3,9,1,1,1
8178,14,2,6,3,0
91754,13,5,9,3,1
129201,20,2,7,0,1
179876,10,1,9,0,1
17097,23,5,2,4,0
132040,3,2,5,1,1
157570,2,7,9,3,1
97456,1,8,7,1,1
113811,19,2,9,2,1
21346,9,7,6,6,0
151733,12,4,7,3,1
147426,19,1,5,0,1
34612,20,3,6,4,0
57965,22,1,1,1,0
154752,17,5,1,6,1
103493,20,8,2,6,1
72244,15,1,4,7,0
173657,10,9,9,6,1
181793,9,3,7,0,1
117463,8,5,6,4,1
50765,11,9,1,0,0
181775,18,5,5,3,1
152210,0,9,4,1,1
93642,17,8,5,2,1
101411,13,7,9,7,1
14425,21,1,3,5,0
167064,20,4,4,7,1
132925,0,9,8,6,1
149168,16,8,3,0,1
68911,10,4,3,5,0
176383,19,1,9,1,1
116837,14,4,5,3,1
193992,3,3,1,7,1
924,14,6,7,0,0
145052,21,5,7,3,1
117818,21,5,6,2,1
66717,13,2,6,6,0
11617,21,3,3,2,0
152855,0,6,3,6,1
148048,8,2,9,4,1
103168,6,4,1,4,1
187526,22,2,7,4,1
115116,10,9,7,3,1
10082,22,3,8,4,1
157770,1,6,6,1,1
145811,1,1,8,5,1
70310,5,3,1,5,0
69952,22,8,1,3,0
113718,18,5,9,3,1
9795,19,8,4,4,0
48682,13,2,3,6,0
31194,2,7,6,5,1
191807,6,9,9,7,1
22287,6,7,4,5,0
118113,3,3,9,4,1
128821,22,7,5,3,1
106783,4,8,7,2,1
1314,16,1,3,6,0
24040,3,3,3,7,0
44506,22,5,3,2,0
174653,12,6,8,4,1
147149,15,3,6,2,1
176011,15,4,9,1,1
189046,1,5,9,1,1
58514,17,3,8,1,0
101540,0,4,1,3,1
156710,17,5,6,3,1
103669,7,2,4,3,1
187413,10,9,4,3,1
60581,23,8,3,3,0
27840,23,6,9,4,1
63428,14,3,2,7,0
181815,15,2,1,2,1
11981,16,7,3,4,0
37096,16,8,4,7,0
163349,11,1,4,2,1
122296,9,6,6,4,1
37277,19,7,1,1,0
66226,5,9,1,0,0
56631,7,3,2,3,0
26219,12,2,4,0,0
117844,1,5,7,0,1
116994,18,1,6,1,1
159087,21,6,9,0,1
133880,9,9,7,0,1
169921,3,9,5,1,1
45089,11,7,6,7,0
22206,17,7,9,2,0
17231,6,8,1,4,0
46653,19,2,9,5,1
189316,23,6,6,0,1
6653,23,5,4,7,0
17981,22,5,5,3,0
1479,3,3,1,1,0
90891,6,3,7,6,1
105764,9,6,8,6,1
69406,14,7,5,0,0
150898,11,1,2,5,1
140260,0,3,8,2,1
165486,19,1,7,7,1
186213,17,3,9,2,1
104612,15,5,4,5,1
16450,4,9,9,3,1
99699,18,3,4,0,1
81497,3,9,3,3,1
79609,5,1,3,2,0
17869,16,6,2,6,0
178421,6,9,3,2,1
101684,23,5,8,4,1
46465,22,2,8,2,0
50285,6,5,2,1,0
133958,8,1,2,4,1
126625,12,9,2,3,1
132792,19,9,7,2,1
36403,13,6,6,5,0
19689,15,9,1,1,0
2982,22,3,2,4,0
193420,8,4,1,1,1
180494,14,6,7,4,1
129336,4,4,6,4,1
155696,17,1,2,4,1
9845,20,7,2,7,0
15961,19,5,2,7,0
91807,7,8,8,5,1
54361,14,9,7,3,0
134009,20,5,1,4,1
74235,8,8,4,4,0
54480,18,1,4,7,0
86189,21,1,7,1,0
105125,5,7,2,4,1
181003,3,6,4,3,1
169427,10,5,1,6,1
160692,9,5,4,5,1
160713,2,9,1,5,1
196944,0,1,2,1,1
158522,11,8,2,6,1
44497,22,2,3,4,0
77185,14,7,8,1,0
63965,14,6,6,7,0
56056,20,2,6,5,0
158625,13,3,9,3,1
193517,6,4,8,1,1
100827,16,7,2,3,1
144078,23,8,6,7,1
15088,18,2,1,7,0
158895,6,8,9,6,1
33900,2,9,4,6,1
170279,2,7,4,2,1
158602,17,1,9,4,1
163707,19,6,3,3,1
199648,21,8,5,4,1
87429,13,5,1,6,0
52384,2,2,6,3,0
56332,6,5,3,0,0
44520,6,8,1,6,0
37810,4,2,6,0,0
92135,2,1,2,0,1
171670,17,4,8,6,1
31383,14,4,2,3,0
197341,19,9,4,5,1
193629,13,3,3,5,1
26068,3,4,9,4,1
62608,23,3,2,0,0
194392,7,2,3,4,1
113535,20,4,7,3,1
85466,12,8,4,4,0
5838,21,1,6,4,0
3198,7,8,3,0,0
95524,14,8,1,6,1
78772,16,3,6,5,0
38344,4,6,4,1,0
139425,19,4,2,2,1
54433,3,1,7,3,0
125449,10,1,5,3,1
51069,17,5,6,3,0
90844,9,8,6,2,1
117386,16,1,9,1,1
175583,14,2,2,5,1
75128,5,7,6,4,0
35521,22,8,9,5,1
132626,20,3,4,7,1
148694,15,8,6,3,1
38675,14,1,7,4,0
3292,7,9,1,0,0
111216,8,2,5,5,1
186440,10,2,4,0,1
127974,1,4,2,0,1
81411,12,3,2,6,0
141574,3,4,2,5,1
80881,8,6,7,3,0
36627,4,7,4,2,1
52281,18,5,6,3,0
91572,21,2,7,0,1
158174,2,3,9,0,1
81319,20,3,2,3,0
143632,2,5,9,2,1
119883,5,5,5,2,1
161654,9,4,6,6,1
147619,4,8,6,4,1
179400,2,6,3,1,1
83365,21,6,7,0,0
50226,23,1,7,7,0
20645,6,6,8,2,0
55214,21,3,5,5,0
93840,17,6,2,6,1
188973,22,6,3,0,1
13990,7,2,9,1,0
121384,0,1,6,5,1
52582,3,3,8,0,0
194569,23,5,8,6,1
132912,6,4,5,6,1
161293,13,7,1,2,1
142390,12,4,6,4,1
71691,9,8,7,3,0
88341,22,7,9,7,1
34822,17,9,2,6,0
49531,0,1,2,5,0
182715,3,5,1,3,1
42100,15,4,5,2,0
72075,15,6,2,7,0
31021,17,1,3,2,0
99365,7,6,2,7,1
88847,9,1,4,7,0
161786,15,1,3,5,1
192361,22,8,9,1,1
17701,23,2,2,7,0
93432,10,6,7,6,1
123354,5,6,3,5,1
151686,0,6,8,0,1
198784,11,8,4,1,1
119104,5,4,4,7,1
147464,12,3,9,3,1
162682,16,6,3,0,1
28100,0,4,7,1,0
130539,7,2,1,3,1
119377,21,6,7,0,1
30483,7,5,2,4,0
142957,23,9,6,6,1
41010,10,6,9,5,1
170200,13,3,6,5,1
156027,23,5,3,5,1
24381,9,8,1,7,0
113938,14,9,4,4,1
4941,6,8,4,6,0
97304,6,3,8,1,1
60255,9,9,7,6,0
158090,3,3,7,2,1
56413,17,8,7,0,0
111788,9,9,2,1,1
148615,18,7,9,2,1
163422,13,4,6,5,1
133094,12,9,2,5,1
32076,14,3,1,5,0
143163,15,3,1,2,1
104505,1,2,1,0,1
53844,3,3,4,0,0
153905,20,1,4,2,1
2573,17,4,9,3,0
139280,16,8,1,5,1
28815,9,5,3,1,0
163382,20,2,3,0,1
37417,8,3,8,6,1
65616,14,1,2,2,0
164534,11,2,6,7,1
54704,20,1,4,3,0
4989,8,2,6,4,0
73848,13,3,5,7,0
32071,12,1,9,7,1
50651,5,9,9,2,0
134373,18,5,1,6,1
109057,3,8,3,3,1
89982,19,5,1,4,0
38058,16,8,6,3,0
5781,18,7,3,0,0
102082,2,4,1,7,1
46970,13,7,6,2,0
128496,16,6,5,6,1
67303,12,3,8,4,1
159324,8,9,2,3,1
50161,0,9,8,7,1
188791,16,5,5,4,1
58335,15,8,8,7,1
37990,17,7,4,1,0
90173,1,9,4,6,1
61501,13,7,4,2,0
11317,21,4,6,0,0
48451,22,4,4,7,0
33841,16,8,9,4,1
151826,2,6,9,5,1
192486,1,9,3,3,1
1508,7,7,7,5,0
43003,1,7,5,4,1
107142,1,4,9,6,1
132390,8,3,2,5,1
181744,19,8,3,3,1
189970,20,7,5,4,1
122289,5,4,5,0,1
109368,11,4,7,0,1
30205,8,1,8,2,0
69734,6,7,8,0,0
117526,11,1,1,4,1
196235,4,4,1,6,1
138791,15,3,3,4,1
143111,4,3,1,0,1
18326,11,1,1,1,0
25422,23,4,8,4,1
117604,19,1,1,2,1
58315,8,8,9,1,0
148050,22,1,2,0,1
137732,6,6,9,6,1
169450,18,7,7,3,1
167384,19,2,9,4,1
94935,22,4,3,3,1
73179,10,3,1,5,0
24046,20,9,1,2,0
162912,11,7,6,1,1
110833,2,2,7,7,1
7353,16,6,9,3,0
79411,6,9,6,7,0
32913,21,3,5,2,0
195503,9,6,2,3,1
158804,22,3,2,3,1
48465,14,3,8,2,0
67693,1,4,1,7,0
164603,12,9,8,4,1
168608,3,8,7,3,1
149585,17,1,7,2,1
38585,23,1,5,3,0
199404,22,7,3,6,1
111604,0,3,7,7,1
16201,1,7,7,4,1
8931,1,9,7,6,1
51997,3,3,2,6,0
5104,2,3,3,2,0
46024,16,2,3,6,0
152681,13,1,4,3,1
37270,1,9,9,7,1
43655,15,6,1,0,0
145834,10,6,7,4,1
118215,12,8,7,3,1
104316,0,5,4,1,1
66030,22,9,1,2,0
178575,1,5,3,3,1
36465,1,2,5,4,0
62288,20,6,2,6,0
98733,4,9,7,4,1
157845,3,3,7,1,1
63571,11,4,5,6,0
148328,2,8,6,1,1
57387,19,6,1,5,0
132817,9,7,4,5,1
59176,19,7,4,3,0
116575,17,4,8,0,1
50251,20,6,2,6,0
67484,20,9,1,7,0
99965,20,3,7,4,1
33641,9,8,6,7,0
72947,0,7,5,0,1
51055,5,4,8,6,1
140462,10,3,2,6,1
190114,1,7,2,6,1
161315,6,9,9,6,1
155681,19,3,1,0,1
87880,20,9,6,3,0
167913,20,8,3,2,1
158070,20,3,5,2,1
100019,17,8,8,2,1
112954,20,4,7,1,1
194120,18,6,4,6,1
61868,3,2,8,6,1
43362,12,8,2,4,0
136678,17,9,7,1,1
20705,19,7,5,4,0
78690,23,8,6,7,0
28331,12,7,3,5,0
79497,18,4,7,4,0
77223,16,1,7,4,0
13615,0,3,2,7,0
87311,5,7,1,3,0
169794,18,7,2,2,1
16700,19,3,8,6,1
159064,0,1,3,1,1
69410,7,9,4,5,0
152973,16,6,8,7,1
168867,20,7,3,1,1
160025,21,1,6,6,1
135601,14,1,2,3,1
135778,17,4,3,4,1
135650,6,7,1,7,1
114480,15,8,9,5,1
171306,6,9,4,2,1
111880,16,1,6,6,1
156647,3,4,7,0,1
66277,11,4,2,0,0
152902,12,3,8,3,1
152285,3,7,9,2,1
151183,20,1,2,0,1
55846,0,9,5,0,1
123175,0,8,2,7,1
174025,6,2,5,7,1
85295,8,2,7,6,0
36918,0,8,6,5,1
168493,15,1,4,5,1
21409,17,7,2,6,0
149860,21,9,7,1,1
28276,14,3,9,6,1
68979,5,7,1,2,0
67692,1,6,3,0,0
84828,8,7,7,5,0
140588,3,7,9,6,1
171166,12,1,5,5,1
197594,22,3,7,5,1
8684,21,1,7,7,0
124655,10,5,4,1,1
93402,12,3,5,2,1
122508,10,1,2,4,1
18930,18,2,8,5,1
77166,7,5,1,2,0
3691,6,3,2,3,0
93978,15,6,3,1,1
125507,2,9,7,4,1
116969,16,6,6,5,1
21495,17,2,7,6,0
185354,14,2,5,5,1
16838,16,8,4,1,0
133803,10,8,7,7,1
149077,4,6,3,1,1
19156,15,7,7,0,0
121756,14,1,2,5,1
115416,9,9,8,7,1
166619,13,5,6,2,1
54518,1,9,3,1,1
37290,15,2,3,1,0
26114,18,8,5,3,0
181450,7,7,3,3,1
125663,14,4,6,3,1
1880,9,3,2,1,0
190430,4,4,8,4,1
42292,19,4,9,7,1
190472,15,8,7,2,1
104975,20,4,3,1,1
99229,21,5,4,6,1
44023,11,2,2,6,0
89296,22,4,9,0,0
2495,12,7,5,6,0
102549,8,3,2,7,1
121847,16,1,6,7,1
146951,19,8,7,5,1
71128,11,8,2,4,0
160894,4,6,1,4,1
138283,23,7,7,2,1
141156,11,2,1,4,1
93276,0,5,3,2,1
27024,19,7,4,6,0
183875,15,9,2,4,1
32677,11,1,7,5,0
138883,8,3,5,2,1
85648,12,6,1,3,0
125193,16,7,8,3,1
135268,16,6,7,4,1
66655,3,1,4,4,0
89948,13,4,2,6,0
8354,18,6,7,2,0
125510,6,8,2,7,1
137137,2,4,6,6,1
189159,0,7,1,7,1
103125,11,3,7,2,1
130609,14,8,7,5,1
33063,10,1,4,1,0
3373,9,4,4,3,0
15430,1,8,5,1,1
152666,3,4,2,1,1
76522,16,2,9,0,0
122189,16,2,4,2,1
3312,7,4,9,0,0
87694,22,4,3,7,0
132252,13,2,9,0,1
32775,23,7,1,7,0
22107,3,6,7,1,0
113905,5,3,4,0,1
82741,18,8,7,5,0
95915,23,8,6,2,1
46915,3,1,4,1,0
83582,2,3,4,2,0
739,19,5,8,5,1
63693,5,2,7,4,0
78138,22,5,4,0,0
93999,6,3,6,1,1
3836,13,9,6,7,0
16573,11,1,1,3,0
128871,15,4,2,2,1
125901,19,6,4,6,1
165191,7,9,6,5,1
107698,22,3,6,0,1
86723,1,3,1,2,0
36920,12,5,8,5,1
57689,7,7,2,2,0
196979,20,5,5,4,1
18514,19,8,4,6,0
127478,15,5,5,5,1
24320,3,7,5,2,1
60631,15,6,8,7,1
110102,19,2,7,6,1
173597,5,3,9,4,1
9487,3,4,1,4,0
76915,15,5,6,4,0
27684,22,9,6,0,0
44883,22,6,2,5,0
170981,20,1,8,2,1
185499,12,3,6,2,1
124594,4,7,9,6,1
115914,14,8,5,6,1
130852,7,7,7,5,1
142029,6,5,6,4,1
173433,13,8,5,2,1
73688,6,9,6,2,0
148167,21,7,4,4,1
13680,6,9,3,3,0
18340,22,1,1,3,0
83546,17,9,1,4,0
104633,9,3,6,6,1
177283,17,6,9,0,1
166038,13,8,8,6,1
81074,9,3,2,6,0
73501,6,4,9,7,1
143383,6,7,8,7,1
190157,6,7,9,2,1
164440,4,4,4,6,1
3746,0,9,9,2,1
186543,13,3,2,3,1
42916,17,8,1,6,0
89560,12,8,9,4,1
44212,7,4,8,5,1
51148,7,7,7,5,0
186083,9,4,8,6,1
132950,16,1,1,0,1
45852,5,1,9,6,1
70826,14,1,9,4,1
158461,14,2,9,3,1
44888,15,6,6,3,0
4847,7,5,4,6,0
145,18,2,2,7,0
7858,19,8,4,2,0
125176,14,9,7,1,1
154609,2,7,1,0,1
150757,5,9,9,0,1
141026,7,4,3,1,1
183248,15,7,4,5,1
57050,14,5,5,5,0
148521,12,5,3,5,1
152520,19,3,4,3,1
165468,14,9,5,4,1
19555,17,5,1,0,0
185193,12,6,9,1,1
170465,23,3,4,2,1
88652,7,7,9,6,1
46216,13,9,4,2,0
120561,10,9,1,6,1
40584,5,5,5,3,0
161387,23,7,9,0,1
81738,0,3,3,4,0
134576,1,6,5,0,1
168432,12,8,3,6,1
100747,0,8,3,5,1
65742,23,2,1,2,0
46109,23,6,2,0,0
128924,3,7,2,2,1
29705,23,7,9,1,0
110979,22,3,7,1,1
184377,1,9,8,2,1
168741,20,2,2,4,1
120927,19,3,9,7,1
5680,15,2,3,4,0
115002,2,9,2,7,1
5500,16,4,1,0,0
170815,4,2,9,2,1
96132,7,3,8,3,1
127419,11,4,4,4,1
107060,22,6,7,6,1
39115,11,5,3,4,0
71813,0,3,3,5,0
146146,0,8,4,1,1
145209,14,8,2,4,1
147339,16,7,4,6,1
88854,1,3,3,4,0
43248,16,1,8,6,1
152706,19,5,2,7,1
122890,8,1,9,5,1
86178,11,6,3,7,0
56979,3,7,4,6,1
119994,12,5,3,4,1
65939,3,4,3,5,0
29856,6,2,8,2,0
143855,13,5,8,2,1
180657,8,9,6,1,1
142197,22,4,4,0,1
149887,0,2,1,5,1
93043,0,6,4,4,1
148288,19,8,8,0,1
36844,3,2,6,2,0
124797,0,9,2,4,1
116172,21,7,3,0,1
133296,9,2,7,5,1
169223,1,5,4,5,1
7276,20,5,4,0,0
91410,23,7,5,6,1
195990,14,5,8,5,1
149848,2,6,7,3,1
45277,22,9,9,2,0
110723,8,3,5,1,1
1097,16,3,1,1,0
190502,20,8,4,3,1
174941,12,6,6,0,1
120279,2,3,6,5,1
120503,3,2,9,3,1
142403,3,2,5,3,1
95387,10,2,5,5,1
119674,6,5,6,2,1
121609,10,5,6,5,1
85547,23,1,3,7,0
109622,10,2,6,5,1
187137,9,2,8,6,1
81244,4,4,6,4,0
192689,12,7,5,0,1
92793,11,3,3,1,1
94415,9,5,1,1,1
27487,6,9,5,3,0
4190,18,5,6,6,0
120946,18,9,6,3,1
156117,18,1,6,3,1
40339,11,9,3,0,0
3843,19,5,4,3,0
31024,21,8,3,3,0
141368,14,5,2,4,1
130260,4,6,8,0,1
91915,23,8,7,2,1
105412,13,2,8,6,1
68960,11,3,6,2,0
172572,20,9,7,5,1
80499,10,5,1,4,0
48895,4,5,5,1,0
51653,15,9,4,5,0
104076,17,3,3,2,1
155283,11,4,2,0,1
113666,4,7,9,1,1
194255,15,2,8,7,1
120068,11,8,2,3,1
61700,22,5,6,0,0
50122,1,1,3,1,0
134371,5,3,3,2,1
50997,22,9,5,5,0
38138,20,5,7,3,0
123423,3,8,7,3,1
186210,12,1,1,6,1
120378,9,7,7,0,1
111154,16,7,7,5,1
7997,13,8,6,3,0
64641,23,3,6,1,0
107068,14,1,2,6,1
14992,7,9,3,6,0
139443,22,1,3,4,1
24915,23,6,3,2,0
45712,17,9,2,0,0
164529,2,2,9,5,1
16367,16,4,6,7,0
18368,23,2,2,7,0
114563,23,4,3,4,1
145435,6,2,6,7,1
95447,12,1,4,4,1
190832,15,3,7,0,1
196699,4,8,6,1,1
194551,3,5,6,5,1
94642,9,4,3,2,1
172443,12,5,8,0,1
66712,9,6,9,5,1
138407,13,6,6,4,1
88857,21,5,2,4,0
147589,11,6,1,0,1
98175,0,9,3,5,1
34709,20,5,3,4,0
102885,19,6,8,0,1
165074,19,4,5,6,1
23745,6,3,1,0,0
194045,8,6,4,2,1
195730,7,5,7,0,1
62333,12,4,5,6,0
111543,13,5,6,5,1
154573,11,7,4,5,1
7871,7,1,2,7,0
172507,20,1,9,4,1
198621,21,1,2,7,1
102701,17,2,2,3,1
133114,15,9,2,2,1
151560,10,5,1,5,1
125324,15,9,3,4,1
83351,13,5,6,4,0
57142,2,7,7,2,1
53840,20,6,1,7,0
197045,1,2,5,2,1
47124,2,3,5,7,0
154622,3,5,1,4,1
57065,21,4,4,6,0
10157,4,6,1,3,0
9083,9,8,1,6,0
130569,19,8,7,1,1
20095,1,3,7,6,0
114687,11,4,3,4,1
38986,4,1,7,2,0
89125,4,2,3,0,0
95249,22,9,2,0,1
94120,0,2,4,2,1
2773,3,6,3,6,0
166062,20,7,7,2,1
77613,23,6,1,1,0
23566,11,8,6,5,0
92645,11,9,2,7,1
50506,15,8,8,2,0
134860,23,5,5,7,1
69384,16,8,3,7,0
114679,20,9,7,0,1
13765,9,8,2,3,0
20741,16,2,5,2,0
163672,16,2,8,1,1
35897,17,3,1,7,0
46050,1,7,1,3,1
156218,3,9,3,1,1
129654,18,8,3,3,1
102439,10,9,7,2,1
113531,16,6,6,7,1
140810,11,1,7,0,1
21273,1,4,4,3,0
144394,5,6,2,4,1
181236,8,6,2,5,1
168182,4,8,1,1,1
18195,19,1,9,3,0
123654,20,2,7,7,1
132611,8,2,3,1,1
125714,22,6,2,0,1
136547,7,7,3,1,1
89123,19,2,7,1,0
107281,7,5,5,4,1
20700,21,6,3,1,0
2566,20,4,9,3,0
176269,22,1,2,7,1
110034,5,3,7,1,1
53376,2,9,6,7,1
181289,4,6,6,2,1
178143,8,2,7,1,1
7028,6,9,6,2,0
55409,3,4,2,5,0
172060,6,8,5,1,1
175004,4,7,3,6,1
116296,10,3,9,5,1
9504,14,8,8,7,1
164811,1,4,2,6,1
191770,12,2,1,1,1
197571,21,5,4,3,1
113287,15,1,4,6,1
110549,6,8,2,2,1
27784,7,8,7,7,0
68691,5,3,3,5,0
119921,23,1,7,5,1
2782,6,4,7,2,0
111286,17,9,1,4,1
169218,21,9,6,1,1
21932,21,1,4,1,0
17097,19,7,8,3,0
34740,6,6,8,4,1
40591,2,7,3,4,1
63143,4,7,4,6,1
112275,0,8,1,7,1
128668,14,8,2,3,1
114350,2,2,7,5,1
72825,7,4,7,2,0
128231,8,4,9,5,1
45620,14,8,9,0,0
63019,9,3,9,3,0
109969,1,3,6,2,1
64542,19,2,8,5,1
152942,4,1,9,5,1
105346,18,8,7,4,1
178670,12,9,4,3,1
109787,10,9,4,0,1
123547,0,8,6,1,1
61577,21,5,4,3,0
344,14,1,7,7,0
163960,17,9,8,0,1
79553,15,6,8,7,1
188909,8,7,8,0,1
177661,0,8,2,7,1
128062,10,5,2,3,1
71403,8,6,2,2,0
28490,22,7,2,3,0
10347,10,7,4,5,0
190891,12,2,5,6,1
165850,1,1,4,4,1
29683,13,8,5,5,0
139248,5,5,4,0,1
149178,7,2,7,0,1
146223,17,3,1,1,1
135486,15,6,1,0,1
28770,20,6,2,6,0
198723,11,8,1,1,1
125020,10,5,3,0,1
10336,5,5,6,0,0
35668,2,7,6,3,1
191486,13,5,1,3,1
107427,1,9,6,4,1
110288,10,6,5,5,1
16452,21,7,7,2,0
125821,2,8,6,4,1
176822,17,5,7,0,1
141518,0,4,2,4,1
156328,23,8,1,3,1
56004,0,9,7,5,1
145207,11,1,9,0,1
122241,14,3,2,7,1
16208,4,4,7,0,0
2953,5,7,3,4,0
84256,15,6,6,5,0
4276,11,1,3,7,0
100559,11,4,5,6,1
157092,2,6,2,1,1
186022,22,3,8,6,1
138001,1,2,8,7,1
123325,6,2,7,7,1
118558,1,4,6,2,1
110993,20,1,1,7,1
74027,6,2,8,5,1
118278,10,2,1,4,1
40767,10,4,8,6,1
197014,13,4,2,4,1
167015,2,1,8,2,1
181980,13,7,4,0,1
161715,10,7,7,0,1
6711,3,1,5,1,0
88342,16,8,8,4,1
84712,15,7,6,2,0
47002,2,7,5,4,1
33143,9,6,1,3,0
136443,20,4,3,4,1
72967,14,8,9,4,1
77189,7,2,9,3,0
58845,17,7,5,3,0
193249,2,3,3,6,1
190291,6,3,6,7,1
142745,9,7,5,7,1
152581,19,3,1,2,1
86070,8,5,2,6,0
24564,13,8,5,0,0
174012,22,4,9,1,1
179957,13,7,4,6,1
118623,10,7,9,3,1
20762,0,2,3,0,0
18328,3,8,1,7,1
60821,5,9,6,2,0
180395,21,6,7,5,1
138558,21,5,4,4,1
6962,4,1,5,2,0
40208,2,1,4,2,0
91888,1,9,3,3,1
80240,2,4,1,1,0
158373,8,1,6,6,1
68678,18,3,5,3,0
50066,18,6,1,4,0
185946,16,8,5,3,1
10486,17,2,6,4,0
77328,10,8,5,3,0
146397,11,1,1,5,1
