age,monthly_income,loan_amount,credit_history_years,existing_debt,employment_years,debt_to_income,loan_approved
59,63231,1448949,12,88741,12,1.403441349970742,1
49,44301,1233765,10,18830,1,0.42504683867181325,1
35,187395,1713129,10,317188,6,1.6926171989647536,1
28,33752,572154,4,69202,14,2.0503081298885992,0
41,113452,672006,3,299189,10,2.637141698691958,1
59,159467,1421430,4,217394,1,1.3632538393523426,1
39,136237,1061930,7,510473,6,3.7469483326849535,1
43,71273,1717740,2,202123,3,2.8358985871227533,1
31,106878,1034558,13,157699,10,1.4755047811523418,1
31,19895,1129525,6,277342,1,13.940286504146771,0
44,134968,1835818,14,504655,15,3.73907148361093,1
56,130700,904568,13,630759,6,4.826006120887529,1
44,91559,1210117,5,236824,12,2.5865725925359606,1
23,25699,1818555,11,512214,4,19.931281372816063,0
42,24715,111842,0,19403,16,0.7850697956706454,0
22,34169,538019,12,3681,11,0.10772922824782698,0
44,133413,1331506,6,353699,18,2.65115843283638,1
50,162235,339134,13,639548,6,3.942108669522606,1
58,134264,721553,12,697652,5,5.196121074897217,1
22,20782,1390829,6,629674,7,30.299008757578672,0
41,139481,180356,13,757666,12,5.432037338418853,1
53,50585,818917,14,398845,4,7.8846495996837005,1
32,45682,787090,11,93246,1,2.0411978459787226,1
42,193936,964565,0,95864,8,0.49430740037950666,0
45,144992,1788446,8,208886,10,1.4406725888324874,1
47,99416,837738,5,270561,5,2.721503580912529,1
48,142810,1102425,14,381032,6,2.668104474476577,1
36,53067,62360,11,165837,6,3.1250494657696875,1
35,188757,423216,1,245160,18,1.298812759261908,0
23,33073,827567,4,187646,5,5.673691530855986,0
57,51035,669055,12,483761,10,9.47900460468306,1
27,105373,311445,10,783566,10,7.43611741148112,1
41,98362,1799736,3,256681,6,2.6095545027551292,1
29,105517,1620234,6,465483,1,4.411450287631377,1
59,80450,480179,7,695923,18,8.650379117464263,1
38,25382,104330,10,535620,3,21.102356000315183,0
24,150509,101707,13,779105,5,5.176467852420785,1
45,76929,330833,14,220326,16,2.8640174706547596,1
34,113864,1651948,10,723807,4,6.356767722897492,1
29,158401,1138963,0,261849,6,1.6530766851219374,0
46,40169,1959824,4,319248,8,7.9476213000074685,0
22,102468,1625506,14,346479,0,3.381338564234688,1
40,49594,1927145,2,377082,0,7.603379441061419,0
48,60033,1571624,0,80730,18,1.3447603817900156,0
27,78133,236633,11,398167,5,5.096015767985358,1
28,88861,1947268,2,237474,17,2.67242097207999,1
55,198362,1769374,13,290477,9,1.464378257932467,1
34,46750,884874,5,283817,10,6.070951871657754,1
37,55461,939493,13,565158,0,10.190187699464488,1
56,93222,446210,6,253017,0,2.7141340027032244,1
24,127020,828799,7,651824,12,5.131664304833884,1
22,39226,1486564,12,333245,4,8.495513180033651,0
26,21721,1460295,10,25494,19,1.1737028681920723,0
24,35609,838245,3,623765,0,17.517060293745963,0
49,198202,929459,2,388227,19,1.958744109544808,1
38,145513,134381,4,729520,2,5.0134352257186645,1
46,119211,1872744,8,374842,17,3.1443574837892476,1
54,194967,891708,12,373704,8,1.9167551431780763,1
30,151728,1926251,5,394051,13,2.597088210481915,1
56,139865,243984,14,280790,16,2.007578736638902,1
34,89520,1158848,8,123777,13,1.3826742627345845,1
51,79309,1594492,14,601648,3,7.586125156035255,1
35,44984,1795987,5,299479,4,6.657455984349991,0
28,133947,1046358,1,133501,16,0.9966703248299701,0
34,20901,788096,12,304094,1,14.549256016458543,0
43,177624,303091,4,584942,4,3.293147322433905,1
41,46055,902050,11,369566,3,8.024449028335686,1
36,183757,314064,10,372078,3,2.024837149060988,1
38,160788,1204697,8,119975,5,0.7461688683235067,1
44,129099,520435,7,723503,19,5.604249451970968,1
46,26138,651160,6,353330,12,13.517866707475706,0
45,181370,1966140,0,366378,4,2.0200584440646194,0
49,197184,314237,3,626614,6,3.1778136157091854,1
35,38429,325049,11,77527,19,2.017408727783705,1
21,65200,696047,6,348848,0,5.35042944785276,1
45,194316,467567,10,432601,13,2.226275757014348,1
27,116268,1391701,6,166991,3,1.4362593318883958,1
29,32347,1958911,14,96952,16,2.997248585649365,0
44,162992,1955829,5,333260,13,2.044640227741239,1
21,46822,1469920,7,465806,15,9.948443039596771,1
28,192731,132289,10,433603,13,2.2497833768309197,1
44,55108,690794,12,671183,15,12.179411337736807,0
31,143955,1701377,5,46015,19,0.3196485012677573,1
37,22967,1511666,9,102877,7,4.479339922497497,0
28,125719,1804867,2,277483,2,2.2071683675498535,1
55,26871,1499466,3,523165,18,19.469502437572103,0
55,179685,1411236,13,658851,0,3.6667000584355955,1
53,43179,309480,2,393922,1,9.122999606290096,1
25,198260,1884907,0,621781,14,3.136189851709876,0
59,70099,1814622,14,671088,9,9.573431860654217,1
48,50262,1586643,9,496753,17,9.883271656519836,1
27,93213,1429932,4,715768,13,7.678843079827921,1
29,132407,183498,14,391670,16,2.9580762346401626,1
28,164340,1352600,0,431739,12,2.6271084337349397,0
32,101269,1753834,0,645936,0,6.378417877139105,0
54,75545,1188585,1,287307,4,3.80312396584817,0
53,54922,773858,12,673078,12,12.25516186591894,0
43,57913,473159,3,611796,13,10.564052976015748,1
44,112033,771755,5,739127,2,6.597404336222363,1
57,119792,94816,7,301763,14,2.5190580339254707,1
55,195913,54138,12,274270,18,1.3999581446866722,1
42,192404,1189752,2,589214,16,3.0623791605164135,1
47,134863,1436665,0,40633,2,0.3012909396943565,0
55,171104,840449,2,208726,15,1.219877968954554,1
21,183918,846883,11,3317,13,0.018035211344185995,1
55,59936,1816892,2,307124,11,5.1241991457554725,1
57,175866,406007,4,717006,11,4.077001808194876,1
34,196403,846710,10,711323,10,3.621752213560893,1
23,43141,271552,11,440847,16,10.21874782689321,1
21,155146,93764,11,704676,7,4.5420184858133625,1
25,152478,173030,3,367508,16,2.4102362308005087,1
46,112359,968638,12,452558,19,4.027785936151087,1
34,138279,1947951,3,277648,10,2.0078826141351906,1
59,169363,1718531,8,723953,1,4.274564101958515,1
47,56568,366462,6,419876,9,7.4225003535567815,1
29,112539,939855,3,319532,9,2.8393001537244866,1
35,61851,1464718,2,212369,10,3.4335580669673895,1
35,69823,110128,5,579789,5,8.303696489695373,1
46,38312,269128,2,708669,3,18.497311547295887,0
33,189180,858301,5,27043,11,0.14294851464213976,1
52,180243,1332116,10,33635,10,0.18660918870635754,1
59,187851,55039,12,210387,12,1.1199674209879107,1
52,113723,202353,10,80691,4,0.7095398468207839,1
24,27411,162935,12,499730,5,18.23100215242056,0
50,72009,1633306,12,93944,0,1.3046147009401603,1
57,161494,1958796,11,727467,5,4.504606982302748,1
43,188540,1388306,8,455796,17,2.417502917152859,1
59,47371,103053,5,515578,8,10.883831880264296,1
35,72022,1280137,11,39236,14,0.5447779845047347,1
49,86229,1837040,3,266294,7,3.0882185807558944,1
56,114071,136346,14,373513,18,3.274390511172866,1
33,197268,379231,4,528425,15,2.6787162641685422,1
52,111774,455841,12,554280,5,4.958934993826829,1
27,41715,608685,5,115140,5,2.7601582164688963,1
42,42605,1419391,10,175993,2,4.130806243398662,1
48,114853,166214,2,645513,9,5.620340783436219,1
22,46174,535001,7,472585,0,10.234872439034955,1
26,156028,903329,3,335834,13,2.152395723844438,1
48,91373,1780085,7,296379,3,3.2436168233504428,1
48,84252,1037410,9,210047,11,2.493080282960642,1
40,85017,1497075,9,543410,5,6.391780467435924,1
50,78037,450826,2,286100,10,3.6662096185142947,1
31,104818,486542,9,63879,11,0.609427770039497,1
48,21548,1375644,6,582848,9,27.048821236309635,0
45,131981,687431,10,372454,17,2.822027413036725,1
59,169249,422397,12,724045,6,4.277986871414306,1
53,39022,412441,11,237268,6,6.080364922351494,1
21,121297,1885877,8,479280,10,3.951293107001822,1
47,151614,933520,3,507656,3,3.3483451396309047,1
33,75428,1886022,7,787600,19,10.441745770801294,1
23,168812,584391,2,307268,0,1.8201786602848138,1
59,74353,1574314,6,691257,12,9.296961790378331,1
26,128132,1995325,2,670392,17,5.23204195673212,1
28,31052,476674,11,314941,8,10.142374082184723,0
47,115689,1058109,14,437043,8,3.777740321033115,1
29,193148,132409,14,789948,8,4.08985855406217,1
57,199492,1121824,6,150823,9,0.7560353297375333,1
53,146743,1580952,13,554661,1,3.7798123249490607,1
44,15163,748876,10,122026,5,8.047615907142387,0
35,56424,1778106,9,30270,14,0.5364738409187579,1
52,199816,1106600,9,232931,2,1.16572746927173,1
52,156706,525430,10,720177,10,4.5957206488583715,1
44,150870,1333440,10,65184,5,0.4320540862994631,1
32,37420,1970955,5,507532,2,13.563121325494388,0
59,135575,1273451,1,735053,10,5.421744421906694,0
22,44300,986800,10,562167,14,12.69,0
23,104881,1452549,2,311741,12,2.972330546047425,1
57,25749,1977716,5,3626,19,0.14082100275738862,0
37,119131,1971672,13,610224,9,5.122293945320697,1
22,171193,1510049,3,495395,5,2.893780703650266,1
22,143563,1242503,5,759161,14,5.28799899695604,1
48,52487,1183754,0,605803,17,11.541962771733953,0
43,179433,1097380,9,208137,17,1.1599705739746868,1
57,36223,937553,11,579678,6,16.00303674460978,0
52,87930,1615116,0,747320,14,8.49903332196065,0
53,160128,856457,2,578432,17,3.6123101518784972,1
21,43380,1496250,7,144454,17,3.329967727063163,1
39,41035,1162186,7,528313,19,12.874692335810893,0
22,45620,1693707,10,436442,8,9.56690048224463,0
46,165949,681525,3,341524,1,2.058005772857926,1
52,132360,1575753,5,254043,7,1.919333635539438,1
26,68352,1803767,14,643198,19,9.410083099250937,1
52,176983,748787,7,462927,1,2.6156580010509485,1
24,178856,1585601,6,620343,10,3.4683935680100193,1
31,18191,1753163,10,388333,6,21.347534495079984,0
37,179232,1530298,6,730070,5,4.073323960007142,1
58,105536,1104244,12,797157,9,7.553413053365676,1
44,119576,1321118,3,557749,4,4.664389175085302,1
25,195795,228267,8,258072,10,1.3180724737608214,1
54,18631,1958241,11,565403,0,30.34743169985508,0
26,152244,205489,9,110084,1,0.7230761146580489,1
42,57080,394126,5,345876,0,6.059495444989488,1
31,105353,1728997,13,473006,18,4.4897250196956895,1
36,166353,1895759,11,341701,1,2.0540717630580754,1
53,43671,358362,10,684050,19,15.663712761329029,0
29,137811,963081,2,787839,3,5.716807801989681,1
26,197503,1892360,4,73568,11,0.37249054444742613,1
36,142734,1832988,4,58560,19,0.4102736558913784,1
49,174674,1187411,13,148866,17,0.8522504780333651,1
23,66399,1720357,4,150953,0,2.2734227925119352,1
40,169544,865359,7,741652,0,4.374392488085689,1
56,195302,1795030,8,761058,13,3.8968264533901342,1
39,22099,151948,12,226024,3,10.227793112810534,0
46,171503,1283770,8,180775,4,1.0540631942298386,1
23,71492,1652357,12,91288,10,1.2768981144743468,1
39,111722,1565331,5,471678,12,4.221890048513274,1
40,193756,343851,5,381164,15,1.9672371436239393,1
52,45111,1822750,8,774124,12,17.160426503513555,0
27,78936,1236944,3,14390,1,0.1822995844734975,1
53,168686,1255046,5,497619,15,2.9499721375810677,1
59,188063,347986,3,218547,5,1.1620946172293327,1
38,75920,63261,10,551595,13,7.2654768177028455,1
21,78530,1175285,0,227436,0,2.8961670699095885,0
31,182296,1718849,6,225121,16,1.2349201298986263,1
48,22788,418760,13,251063,10,11.017333684395295,0
45,43082,903605,9,24502,18,0.5687293997493152,1
43,138287,1392501,10,546774,2,3.9539074533397933,1
51,104570,325796,11,373957,10,3.5761403844314814,1
50,116015,1365823,5,693618,4,5.9786924104641646,1
55,98588,1386220,8,713076,16,7.232888383981823,1
27,162603,820692,6,228300,6,1.4040331359200016,1
36,103340,1723200,12,103920,9,1.005612541126379,1
46,109439,478745,6,736854,10,6.733011083800108,1
22,190929,687787,1,344912,2,1.8064935132955182,0
21,156214,723812,11,587073,19,3.7581330738602174,1
32,130053,885825,10,600338,9,4.616102665836236,1
25,63355,1522966,14,547026,9,8.634298792518349,1
57,155938,1556242,8,74231,13,0.4760289345765625,1
52,140426,740796,9,73606,11,0.5241621921866321,1
29,79027,1408126,8,486517,14,6.156338972756147,1
55,174210,375203,5,303806,9,1.7439067791745595,1
39,107601,1769890,12,380457,9,3.535812864192712,1
36,44956,394866,2,227369,18,5.057589643206691,1
23,119797,825107,0,493896,0,4.122774359958931,0
40,139917,586644,3,156688,9,1.119863919323599,1
44,141303,702416,13,495898,1,3.509465474901453,1
53,151511,1066003,13,273326,16,1.8040010296282118,1
44,193313,1100763,2,455229,6,2.3548804270794,1
31,57533,1962251,13,162403,6,2.8227799697564877,1
28,174342,1920106,11,701458,19,4.023459636805819,1
56,93815,1584263,0,26128,8,0.27850556947183286,0
58,54279,726585,2,31556,1,0.581366642716336,1
40,124787,1757542,13,258470,13,2.071289477269267,1
55,169960,1942628,13,677236,16,3.9846787479406918,1
45,163702,1524620,3,140021,0,0.855340802189344,1
55,76063,1224846,12,576250,8,7.575956772675283,1
45,142896,1899395,12,614342,19,4.299224610905833,1
49,181216,381607,14,517200,18,2.854052622285008,1
38,198233,1039336,13,202278,3,1.0204052806545831,1
38,197051,817286,7,548387,7,2.7829698910434355,1
22,112661,1079933,8,235943,12,2.0942739723595567,1
55,153051,970095,2,183683,3,1.2001424361814035,1
36,172261,1090950,5,694245,8,4.030192556643698,1
56,188672,815791,9,315288,8,1.6710905698778833,1
53,138257,1016020,10,196292,17,1.4197617480489233,1
24,101205,403827,14,532125,11,5.25789239662072,1
53,21910,1684925,4,180427,9,8.234915563669558,0
34,61857,1858361,5,178371,10,2.883602502546195,1
41,49964,1179833,3,772291,6,15.456949003282363,0
40,171299,111753,9,368946,8,2.1538129236014223,1
28,152050,921206,5,626701,5,4.121677079907925,1
27,32153,1502879,6,51012,18,1.5865393586912575,0
23,74765,1522608,8,130193,15,1.7413629372032369,1
37,123212,1121984,9,218168,14,1.7706716878226147,1
53,54071,174116,6,148178,6,2.740433873980507,1
32,127990,1072780,5,58123,15,0.45412141573560433,1
42,84519,705496,0,111825,4,1.323075284847194,0
42,24503,67413,1,533008,15,21.75276496755499,0
50,110457,687938,0,168733,0,1.527589921870049,0
58,162977,1158076,8,770391,18,4.7269921522668845,1
58,60838,920946,9,224970,4,3.697853315362109,1
28,140200,1154934,9,224866,6,1.6038944365192582,1
47,104489,116197,8,150862,18,1.4438074821273053,1
47,41806,543992,6,582943,4,13.944003253121561,0
54,191072,1846725,12,715003,16,3.74206058449171,1
41,168240,273492,1,617736,7,3.6717546362339517,0
50,85119,835833,5,178446,0,2.0964297042963382,1
53,53714,476070,10,698267,1,12.999720743195443,0
48,70419,126240,3,181143,14,2.5723597324585694,1
53,195217,285595,0,644795,19,3.302965417970771,0
25,120432,1621286,0,296956,17,2.465756609538993,0
39,107949,1843999,11,313045,10,2.8999342282003537,1
24,148533,1377042,4,60186,9,0.40520288420754985,1
55,160363,1998061,11,122066,3,0.7611855602601597,1
37,192876,1105544,1,390508,4,2.0246583297040583,0
48,91971,339662,3,705611,3,7.6721031629535394,1
50,108471,888357,0,720531,12,6.642614154935421,0
49,79946,240920,3,36160,12,0.4523053060816051,1
26,113989,948332,10,19156,17,0.1680513031959224,1
55,99080,929854,5,76208,1,0.7691562373839321,1
57,92794,1362420,9,473196,15,5.099424531758519,1
44,45841,1978790,3,465536,0,10.15545036103052,0
49,139447,282076,0,673289,18,4.828278844292097,0
51,135029,1121775,6,459822,8,3.405357367676573,1
55,194830,487805,13,231226,2,1.1868090129856799,1
53,91272,213187,1,455775,6,4.993590586379175,0
41,52643,505150,8,447421,9,8.499154683433694,1
52,196480,559551,12,766054,0,3.898890472312704,1
43,58950,1612518,2,461691,9,7.831908396946565,1
53,115500,1808252,7,719701,8,6.231177489177489,1
23,174116,1104096,12,305007,14,1.751745962461807,1
38,140588,1732678,7,737197,14,5.243669445471875,1
45,30997,217527,2,65439,2,2.111139787721392,0
51,94751,820644,3,662554,4,6.992580553239543,1
23,113605,697652,1,726747,8,6.397139210422076,0
44,169983,1637819,3,645649,8,3.79831512563021,1
52,70533,1273697,10,212986,6,3.019664554180313,1
42,97566,1767853,10,197286,11,2.022077363015805,1
43,160643,1037797,10,492508,8,3.0658540988402856,1
22,123255,1570373,13,29777,5,0.24158857652833557,1
47,73005,300144,8,256427,1,3.512458050818437,1
22,58541,114925,1,681543,8,11.642148237987051,0
46,38387,419360,11,420661,16,10.95842342459687,1
37,108980,644557,11,198110,0,1.817856487428886,1
53,194980,998458,12,349345,18,1.7916965842650527,1
29,100457,1040121,2,414627,5,4.127407746598047,1
59,159129,1402178,14,705937,4,4.436256119249163,1
49,79028,1449757,10,278011,1,3.517879738826745,1
46,134246,1775049,10,586789,8,4.370998018562937,1
55,70731,1198553,14,145338,13,2.054799168681342,1
45,170930,1604414,3,690568,3,4.040063183759433,1
44,194761,1617739,4,501754,3,2.5762549997176025,1
33,59638,533442,0,645832,14,10.829202857238673,0
27,192558,880371,6,424429,7,2.2041618629192246,1
56,35567,1127921,13,662727,3,18.633199313970817,0
40,175811,829976,9,779518,15,4.433840885951391,1
21,72804,1470827,6,559650,3,7.687077633097083,1
28,123821,1059869,8,250449,15,2.0226698217588295,1
36,18754,1884662,3,313732,11,16.72880452170204,0
34,42044,543814,13,169357,15,4.028089620397679,1
32,82260,381310,13,650971,18,7.913578896182835,1
43,81912,1801797,5,780445,7,9.527846957710715,1
35,23706,147406,10,205827,5,8.68248544672235,0
48,23894,1410018,1,202918,9,8.492424876538044,0
54,164109,1014725,11,298451,4,1.8186144574642462,1
22,98986,1405662,11,342424,17,3.4593174792394885,1
52,96942,1626317,13,413083,9,4.261135524334138,1
43,197684,1725675,3,740045,9,3.7435756055118268,1
42,44725,629223,1,107669,6,2.4073560648406933,0
45,151998,434583,9,732318,17,4.817944972960171,1
42,119555,1797306,4,158998,0,1.3299151018359752,1
42,24496,1071436,14,627503,6,25.616549640757675,0
26,71447,844760,6,622995,0,8.719680322476801,1
35,116604,1114110,12,406396,14,3.485266371651058,1
57,175878,1970288,0,617125,3,3.508824298661572,0
53,103199,1052429,14,245847,19,2.3822614560218605,1
28,56321,1659184,9,227544,9,4.040127128424566,1
25,168728,1672034,9,267614,8,1.586067516950358,1
59,70147,1199122,6,227467,1,3.242718861818752,1
24,106396,654489,9,146025,13,1.3724670100379714,1
26,195738,1096439,12,759940,15,3.882434683096793,1
52,53787,808761,5,512177,0,9.522319519586517,1
50,36727,1369360,5,615781,1,16.766438859694503,0
55,110081,281324,11,792955,6,7.2033775129223026,1
36,137721,534273,7,217995,9,1.582874071492365,1
33,83056,1783985,7,712550,19,8.579151415912156,1
50,149153,1497410,5,293313,0,1.9665243072549663,1
39,180268,1332188,2,569929,12,3.1615650032174316,1
37,182807,1809989,4,154062,0,0.8427576624527507,1
39,95102,969424,1,553949,4,5.8247881222266615,0
48,171570,356081,14,668779,15,3.8979949874686715,1
46,91865,775084,13,627907,14,6.835105861862516,1
57,177728,1241855,4,338246,16,1.9031666366582642,1
46,82695,1295422,13,557373,15,6.740105205877018,1
43,183972,738332,8,97064,12,0.527602026395321,1
29,132235,1502591,9,706014,10,5.339085718607025,1
32,193773,776448,0,399346,16,2.060895996862308,0
21,123777,472132,9,630011,16,5.089887458897857,1
21,34033,120463,4,133114,1,3.9113213645579292,0
54,156877,143500,11,491638,12,3.1339074561599216,1
52,181923,1306348,5,557765,13,3.0659399855983027,1
45,41832,611446,13,638449,10,15.262215528781795,0
21,130725,1183183,10,684076,9,5.232939376553834,1
36,160016,819305,6,340281,2,2.126543595640436,1
59,34873,383840,8,139133,16,3.9897055028245347,0
25,55372,897942,5,663969,14,11.991060463772303,1
42,104464,170076,4,297515,8,2.8480146270485527,1
49,161451,1157268,11,765710,9,4.742677344829081,1
23,132322,705129,6,345165,7,2.6085231480781728,1
32,182823,767104,12,414021,12,2.2646001870661787,1
46,115082,852242,0,270001,17,2.346161867190351,0
36,20110,972630,10,666980,4,33.166583789159624,0
57,27087,211081,13,532465,5,19.657584819286004,0
42,169834,1210294,4,423327,16,2.492592767054889,1
49,97617,1451652,14,251842,10,2.579898993003268,1
34,115483,574480,1,350722,19,3.037001117047531,0
48,24596,297536,3,614229,15,24.972719141323793,0
25,122539,86413,6,782409,8,6.384979475921951,1
50,33313,1242464,4,536114,1,16.093236874493442,0
25,128175,1661946,11,669250,4,5.221377023600546,1
32,129914,901480,5,344572,0,2.6523084502055205,1
36,38705,1745994,1,510283,3,13.183903888386514,0
46,88445,625228,2,650332,3,7.352953813104189,1
46,118892,1786066,6,713391,2,6.000328028799246,1
41,17023,614430,10,512656,8,30.115490806555837,0
59,134654,1621356,1,505350,11,3.752952010337606,0
56,95073,86468,11,337164,9,3.54636963175665,1
53,107197,998202,5,529783,1,4.942143903280876,1
50,79429,716015,4,28481,10,0.3585718062672324,1
57,119195,1277545,9,666627,9,5.592742984185579,1
43,48848,1521867,0,761062,5,15.58020799213888,0
30,183876,976863,11,137815,17,0.7494996628162457,1
25,161451,965480,10,627763,1,3.8882571182587906,1
56,42766,1593989,14,704133,1,16.464785109666558,0
54,83099,1334763,9,319186,9,3.841032984753126,1
51,182132,92056,10,49476,15,0.2716491335954143,1
30,84122,101831,3,747465,11,8.88548774399087,1
39,162159,895623,10,290696,0,1.7926602902089923,1
52,63868,823952,1,720602,7,11.282676770839858,0
21,134119,958380,3,438988,15,3.273123122003594,1
25,169297,476488,0,684308,17,4.042056267978759,0
24,110286,682405,1,207383,12,1.8804109315778974,0
36,21643,326815,12,69093,14,3.192394769671487,0
44,51727,1387768,7,593411,11,11.471977883890425,1
36,157077,1043778,5,16535,7,0.10526684364992965,1
22,124079,1910971,1,328634,9,2.648586787449931,0
48,80697,618242,11,570850,13,7.073992837404116,1
52,31029,1564101,14,381186,4,12.284830320023204,0
47,160298,283192,5,256323,17,1.5990405369998377,1
40,174803,1456150,9,258916,18,1.4811873938090308,1
44,124458,575005,8,713895,14,5.736031432290411,1
32,125384,1372396,6,230063,5,1.8348672876922096,1
55,83926,1496226,8,41269,10,0.49173081047589545,1
53,152069,1279458,4,80674,10,0.5305091767552887,1
53,70506,1217272,6,285291,19,4.046336482001532,1
57,93229,1062140,10,438744,19,4.706089306975297,1
32,195887,54994,14,601383,17,3.070050590391399,1
23,57092,840666,13,768460,17,13.460029426189308,0
21,77539,119300,6,724291,9,9.340989695508068,1
53,167889,356093,11,90925,1,0.5415780664605782,1
30,183933,611693,11,590669,8,3.211326950574394,1
49,28428,1395592,2,623756,13,21.941606866469677,0
33,190006,1402935,6,242330,18,1.2753807774491333,1
32,156330,1646049,0,13731,9,0.08783342928420648,0
51,72775,1797378,8,386791,3,5.314888354517348,1
22,20469,566479,9,491874,5,24.030191997654992,0
55,43854,1543551,12,575312,13,13.118803301865281,0
43,152328,1926161,5,641000,3,4.208024788614043,1
37,91256,389679,4,101121,14,1.1081024809327606,1
46,180009,1756517,6,265976,15,1.4775705659161487,1
28,114134,1150293,4,556620,6,4.876899083533391,1
49,147723,1101339,9,12467,16,0.08439444094690739,1
46,196360,405054,4,41025,18,0.20892748013852108,1
30,99730,1154056,10,144179,18,1.4456933721046827,1
46,171123,1792695,9,77994,16,0.4557774232569555,1
54,42386,1305715,10,94202,5,2.222479120464304,1
27,162256,1216670,6,567769,10,3.499217286263682,1
24,48787,730667,9,395797,15,8.112755447147805,1
31,36621,801731,14,599406,7,16.367821741623658,0
49,92984,1633928,6,386154,10,4.152908027187473,1
56,191325,1175424,12,444854,6,2.325122174310728,1
45,49051,1660412,10,648002,18,13.210780616093453,0
41,64811,1266593,14,748987,9,11.556479609942757,1
56,45447,842908,2,160185,8,3.524655092745396,1
30,143046,494972,2,84363,3,0.5897613355144499,1
57,176326,1975109,9,325188,14,1.844243049805474,1
29,99045,1625246,11,211027,12,2.1306173961330708,1
44,131859,492899,12,273958,1,2.077658711199084,1
55,160544,531215,14,361484,1,2.2516194937213476,1
55,18471,750636,2,272168,15,14.734881706458774,0
56,135312,1583673,5,718648,8,5.311044105474755,1
38,154401,1602092,11,582124,12,3.770208742171359,1
59,180937,470162,14,269579,2,1.4899053261632502,1
52,61850,1702562,5,255095,8,4.1244139046079225,1
44,69220,820050,12,481632,12,6.957989020514302,1
43,108808,1866245,12,261176,1,2.400338210425704,1
52,152469,1041437,2,383015,7,2.5120844237189197,1
57,181597,95095,2,249717,8,1.3751163290142459,1
32,68072,1571722,7,658767,15,9.677503231872135,1
33,98820,442118,7,32940,1,0.3333333333333333,1
43,38284,1912205,6,529954,5,13.842701912025912,0
45,98369,1644874,9,299266,7,3.0422795799489677,1
55,40122,1515915,3,156164,4,3.8922287024575044,0
50,145349,400067,14,206717,8,1.4222113671232688,1
37,85553,1756826,3,363334,0,4.2468878940539785,1
40,109788,1491246,2,362612,8,3.3028381972528873,1
45,77812,1207738,4,26505,9,0.3406286948028582,1
42,22999,433071,2,561001,3,24.39240836558111,0
33,37436,320170,12,447603,2,11.95648573565552,1
39,57963,1425645,7,204354,9,3.525593913358522,1
56,148168,1691706,6,601799,14,4.061598995734571,1
32,171351,1394385,12,212204,10,1.2384170503819645,1
39,123899,321421,2,250694,13,2.0233738771095813,1
32,41201,223311,8,249836,5,6.063833402101891,1
29,165787,490880,11,758849,11,4.577252739961517,1
27,175381,884440,13,528168,12,3.0115462906472197,1
48,161150,1899691,12,436670,16,2.709711448960596,1
34,20105,706030,4,567827,15,28.243073862223326,0
51,132666,1318859,8,240056,2,1.8094764295297967,1
39,109848,723249,6,219057,1,1.9941828708761198,1
36,17839,1547404,14,539087,10,30.2195750882897,0
25,83920,749895,6,507800,8,6.051000953288846,1
55,58619,390686,5,104843,2,1.7885497876115253,1
32,57821,1415039,1,443942,17,7.677867902665121,0
45,140736,295144,8,48784,19,0.3466348340154616,1
41,159565,1977075,5,113034,14,0.7083884310469087,1
56,32069,1775575,7,434044,13,13.534690822913094,0
43,22531,1294360,0,724886,1,32.17282854733478,0
36,183123,984137,4,54362,16,0.2968605800472906,1
59,153808,826505,11,53997,7,0.3510675647560595,1
59,153782,1002164,0,181413,9,1.179676425069254,0
34,82155,381119,9,412289,17,5.018428580122938,1
51,160047,1261820,10,364543,18,2.2777246683786636,1
25,77424,502413,13,740686,7,9.566620169456499,1
55,60603,1199734,7,468731,7,7.734452089830536,1
43,169324,1026351,7,784752,2,4.63461765609128,1
49,147503,1896585,0,413532,2,2.8035497583100004,0
31,183553,913731,8,157255,11,0.8567280295064641,1
38,107573,856608,1,548912,16,5.102693054948732,0
32,155629,1162548,11,717875,3,4.61273284542084,1
29,118302,956450,8,759072,16,6.416391946036415,1
30,146234,1581583,0,478997,13,3.275551513327954,0
37,180814,1532795,11,570993,18,3.1579025960379172,1
58,34675,332140,9,613614,8,17.696149963950973,0
27,88997,1723786,13,419972,11,4.718945582435363,1
33,163087,1971606,13,68369,4,0.4192179634182982,1
29,196129,1658795,8,201893,10,1.0293888206231614,1
47,178663,698456,3,271733,19,1.520924869726804,1
22,155905,1265358,8,637300,2,4.08774574259966,1
25,22896,1221675,6,700146,14,30.57940251572327,0
49,179044,608981,10,750046,13,4.189171376868256,1
57,64733,158944,5,647999,10,10.01033475970525,1
58,56800,1847519,14,76425,19,1.3455105633802817,1
39,111044,1830438,4,496297,7,4.469372500990598,1
28,20347,1902382,10,540282,3,26.553398535410626,0
21,148715,297572,8,111915,11,0.7525468177386275,1
42,55785,1442191,1,385105,7,6.903379044546025,0
37,33681,1668777,13,483414,5,14.35272111873163,0
27,196098,247097,12,104672,14,0.5337739293618496,1
45,118864,880948,10,279349,11,2.3501564813568447,1
24,161964,662084,13,318821,15,1.9684683015978859,1
56,62299,338213,11,32930,15,0.5285799130002087,1
26,32073,1023737,1,73313,19,2.2858167305833565,0
51,117304,1183387,10,749211,19,6.386917752165314,1
39,45682,1288697,11,113153,3,2.4769712359353795,1
59,139302,1855756,14,485725,10,3.486848717175633,1
47,160361,430172,8,232911,12,1.4524167347422379,1
30,130359,1662042,11,96058,8,0.7368727897575158,1
46,153999,1917829,2,87876,3,0.5706270819940389,1
39,194402,504151,7,609654,11,3.136047983045442,1
59,81707,591287,10,537691,8,6.5807213580231805,1
23,80428,1554314,14,342196,12,4.254687422290744,1
33,65601,1399432,8,772838,15,11.780887486471244,1
48,148611,1294199,7,261420,5,1.7590891656741425,1
40,126487,745532,3,477843,9,3.777803252508163,1
48,168741,345866,11,335639,12,1.989077936008439,1
28,166716,847057,0,163004,6,0.9777345905611939,0
59,164817,248237,3,358234,18,2.1735257892086373,1
21,43228,581147,13,298845,18,6.913227537707042,1
23,180593,1009113,8,396601,16,2.196103946443107,1
33,137788,1010811,1,776684,12,5.6368043661276745,0
48,112239,685274,2,581529,12,5.181166974046454,1
45,41928,1855518,9,665727,1,15.877862049227247,0
53,33322,1382559,7,65030,9,1.9515635316007443,0
58,102896,1387936,5,701865,12,6.821110635981962,1
26,77292,889385,7,164404,8,2.127050665010609,1
52,44055,1576273,6,207397,0,4.707683577346499,0
41,57891,1552385,13,479702,13,8.286296660966299,1
36,96912,99522,12,418779,15,4.321229569093611,1
41,152660,280233,12,105185,19,0.6890148041399188,1
31,105536,448102,4,36404,14,0.3449439053972104,1
57,21304,1471969,8,55182,0,2.590217799474277,0
56,22345,57485,3,295135,16,13.208100246140075,0
55,175372,1523247,5,628889,12,3.5860285564400245,1
39,170331,1865920,1,703023,14,4.127393134543918,0
40,106006,162701,14,646290,15,6.096730373752429,1
38,161424,257352,1,345992,15,2.1433739716522946,0
34,144350,1725502,1,225461,1,1.5619050917907862,0
35,179437,234514,9,608434,16,3.390794540702308,1
51,34446,495093,6,488195,10,14.17276316553446,0
21,17336,848658,12,572285,7,33.01136363636363,0
23,77032,667693,1,531458,19,6.899184754387787,0
36,112852,1907596,14,144375,2,1.279330450501542,1
43,153593,1308624,14,333887,11,2.1738425579290723,1
31,169553,1785645,11,471068,19,2.7782935129428554,1
32,33474,1055535,14,35187,15,1.0511740455278724,0
30,192832,87019,12,720394,13,3.73586334218387,1
52,70718,1012452,1,657253,15,9.293998699058232,0
36,59629,1360073,14,669113,16,11.22126817488135,1
28,60232,639421,8,38090,10,0.6323880993491832,1
58,101544,1999452,6,469984,16,4.628377846056882,1
32,65669,1820394,10,777766,18,11.843731441014786,1
44,84184,429747,2,318174,0,3.779506794640312,1
48,194017,208598,2,541797,11,2.7925233355839953,1
28,28140,702873,6,68653,14,2.4396943852167734,0
48,141468,1543990,4,692289,17,4.893608448553737,1
56,98457,1868036,9,391770,13,3.979097474024193,1
46,29357,1591326,13,266186,0,9.06720713969411,0
28,126672,879827,13,193646,12,1.5287198433750158,1
48,83673,467247,5,299345,14,3.5775578741051475,1
48,136673,518758,12,747642,6,5.470297717910634,1
57,80633,1748678,11,538304,14,6.6759763372316545,1
56,111111,1005205,7,287166,19,2.5844965844965846,1
47,93258,424743,8,756322,9,8.109995925282549,1
37,158996,75939,0,552226,13,3.4732068731288837,0
29,84286,1016649,2,174750,5,2.0732980566167574,1
53,108269,987828,10,260710,13,2.407983818082738,1
40,89071,1252515,6,232320,11,2.608256334834009,1
33,45651,836635,5,367658,10,8.053668046702153,1
48,85202,984048,6,712165,19,8.358547921410295,1
49,63777,983403,7,657346,18,10.306944509776251,1
33,163066,1914071,5,76478,1,0.46900028209436667,1
55,82263,1713744,2,405377,19,4.927816880006808,1
26,115158,578036,1,127101,0,1.1037096858229563,0
38,25800,1334670,11,356843,7,13.831124031007752,0
25,52823,1477989,6,716284,13,13.560077996327358,0
45,78878,917196,11,494527,8,6.269517482694795,1
22,33708,1250532,11,361417,1,10.721994778687552,0
30,158891,1254831,11,729668,4,4.592255067939656,1
50,78870,1049074,10,756488,7,9.591581082794471,1
25,24283,514462,0,588033,15,24.215830004529916,0
53,176645,944468,2,132283,15,0.7488635398680971,1
21,93707,724619,11,393445,12,4.198672457767296,1
38,177005,1789895,10,381116,19,2.153136917036242,1
52,20774,952957,3,441758,14,21.264946567825167,0
31,157055,1525249,12,101489,0,0.6462003756645761,1
41,111468,397823,13,556107,2,4.988938529443428,1
46,111334,1224405,0,47779,5,0.4291501248495518,0
45,33133,1226792,4,737781,13,22.267256209821024,0
42,161011,1688765,9,354388,3,2.2010173217978894,1
47,15781,1866250,2,589872,17,37.3786198593245,0
33,129586,225607,1,413166,14,3.188353680181501,0
53,42624,459319,14,670533,8,15.731348536036036,0
54,21823,1720910,2,248815,17,11.401503001420519,0
55,33489,402156,7,377218,2,11.263937412284632,0
21,186033,1701142,5,361417,9,1.9427574677610961,1
41,44118,324535,12,254957,16,5.778979101500521,1
26,115417,1201052,13,595644,6,5.160799535597009,1
48,96816,996405,6,145364,14,1.5014460419765328,1
37,168335,432865,11,527340,0,3.1326818546351025,1
25,28565,671825,5,306521,10,10.730649396114126,0
51,166426,1966167,5,198910,16,1.195185848365039,1
25,189023,967472,11,329963,4,1.7456235484570661,1
58,106179,231429,2,146692,6,1.3815537912393223,1
23,38648,1316556,11,30461,18,0.7881649761954047,1
43,196801,1602127,12,9472,14,0.04812983673863446,1
57,56971,871935,13,112036,2,1.9665443822295554,1
57,33658,1585251,7,188674,14,5.605621249034405,0
30,36253,1173979,11,287667,4,7.93498469092213,1
30,194635,638574,6,686126,11,3.5251933105556557,1
39,172462,386986,6,590348,19,3.4230613120571487,1
37,103664,154927,5,271223,4,2.6163663373977464,1
41,197650,1899916,4,663759,2,3.3582544902605616,1
34,118850,535833,9,322870,8,2.716617585191418,1
29,178730,1542418,7,355050,8,1.986515973815252,1
21,152924,349372,4,278676,6,1.8223169679056264,1
33,148623,73386,8,475573,1,3.199861394266029,1
24,86947,1276402,8,43162,15,0.49641735770066825,1
21,76001,1602734,0,273497,8,3.5985973868764884,0
52,195231,1389022,5,112313,12,0.5752826139291404,1
54,137775,1421535,6,28477,18,0.20669207040464527,1
48,197779,302156,2,679930,19,3.4378270696079967,1
51,48243,1052252,6,86373,16,1.790373732976805,1
28,167872,899776,10,693464,5,4.130909264201296,1
59,90939,1003122,10,718730,3,7.903429771605142,1
46,72828,1996611,6,528839,0,7.2614791014444995,1
54,153311,519450,13,68359,17,0.44588450926547996,1
23,21710,373258,12,448096,18,20.640073698756332,0
32,167456,298724,10,143988,8,0.8598557232944773,1
21,167110,251202,1,126150,12,0.7548919873137454,0
25,186918,1124101,6,473919,7,2.535437999550605,1
50,52991,1178394,14,696805,12,13.14949708441056,0
50,153043,164589,0,309780,14,2.0241370072463294,0
37,175211,1243982,4,467143,10,2.6661739274360627,1
43,100445,669003,8,351060,11,3.495047040669023,1
35,95257,243839,6,107967,13,1.1334285144398837,1
57,52711,843076,6,94455,3,1.7919409610897157,1
41,21530,413298,10,783123,0,36.373571760334414,0
34,26116,556453,12,461063,3,17.6544264052688,0
22,80794,1000437,11,175405,18,2.1710151743941384,1
31,146354,307438,1,239646,8,1.637440725911147,0
59,147970,879901,7,189937,9,1.2836183010069608,1
58,19135,476903,2,472312,3,24.68314606741573,0
54,152701,943041,14,385007,19,2.521312892515439,1
58,124472,495872,7,61192,8,0.49161257150202453,1
54,140147,460591,2,191758,12,1.368263323510314,1
38,104087,1605811,9,235161,11,2.259273492366962,1
50,48380,1612527,6,685852,10,14.176353865233567,0
35,144951,1425926,1,676341,11,4.665997475008796,0
47,32071,932894,3,286287,17,8.926662717096443,0
54,35074,1790543,10,715637,11,20.403632320237215,0
58,82843,1706042,5,107044,15,1.2921308982050383,1
53,54901,1798322,10,505173,4,9.201526383854574,1
44,26205,1877330,8,181062,19,6.9094447624499145,0
35,139661,489503,4,652694,11,4.673416343861207,1
50,20906,1185300,12,456104,10,21.816894671386205,0
37,148663,803492,8,69351,8,0.46649805264255395,1
25,140576,146393,14,490588,17,3.4898417937628046,1
49,77987,1699176,4,705359,2,9.044571531152627,1
24,95685,1960332,9,234085,19,2.4464127083659926,1
30,125454,645484,7,758171,16,6.0434183047172665,1
37,120487,1692878,12,498095,13,4.134014457991318,1
30,69400,451426,12,70309,0,1.0130979827089337,1
37,171222,1764858,0,686093,16,4.007037647031339,0
40,46852,1528081,6,119156,7,2.5432425510116965,1
44,188942,1620889,3,338144,4,1.7896709042986736,1
25,67756,1131916,4,441848,4,6.521164177342228,1
54,130357,351994,5,21576,8,0.16551470193391993,1
26,134052,1024488,4,527608,2,3.93584579118551,1
22,71481,1595491,11,666110,18,9.318700074145577,1
33,16283,687999,0,627290,8,38.52422772216422,0
31,48691,789538,11,184535,17,3.789920108438931,1
43,147197,1109670,8,26572,15,0.1805199834235752,1
36,41170,1972967,1,280092,0,6.8033033762448385,0
51,23438,1000922,8,520114,1,22.191057257445173,0
31,35095,1890749,9,640816,13,18.25946716056418,0
36,162226,1734449,1,694186,13,4.2791291161712675,0
28,154076,515590,8,89051,0,0.577968015784418,1
24,24752,1609067,5,191303,15,7.728789592760181,0
24,70426,1483284,10,746716,14,10.602845539999432,1
45,41819,1167374,8,781700,14,18.692460364905905,0
23,107051,952458,12,203305,11,1.8991415306722963,1
52,170289,251604,5,306822,15,1.8017722812395398,1
23,47994,160130,5,799395,13,16.656144518064757,0
47,161108,858596,12,457576,14,2.8401817414405244,1
49,112756,740955,10,573722,14,5.088172691475398,1
52,195488,80257,13,66617,18,0.3407728351612375,1
39,155659,457427,1,641857,7,4.1234814562601585,0
41,110665,932421,7,731672,1,6.611593548095604,1
25,146717,972736,2,510874,1,3.4820368464458786,1
38,177002,1035257,6,369792,9,2.0891967322403135,1
48,96835,1151267,4,81494,2,0.8415758764909382,1
42,137232,1702632,2,744265,16,5.423407077066574,1
41,176162,468829,0,601513,7,3.4145445669327095,0
26,198214,588314,7,82867,3,0.4180683503687933,1
21,172547,799450,2,168600,13,0.9771250731684701,1
25,164960,1391628,1,779957,9,4.728158341416101,0
32,58732,593898,0,458818,0,7.812061567799496,0
46,61305,1276294,3,615036,3,10.032395400048935,1
54,192109,1596933,12,254265,0,1.3235454871973724,1
34,24346,375329,7,519493,16,21.337919986856157,0
46,15587,908999,12,164404,16,10.547507538333226,0
47,27763,1277222,2,653817,6,23.54994056838238,0
29,84615,1091482,13,484353,19,5.7241978372628965,1
46,182188,1616996,0,264395,14,1.451220717061497,0
42,135987,1320699,3,682387,12,5.018031135329112,1
50,106353,1593812,8,97382,1,0.915648829840249,1
37,110648,872614,12,479767,18,4.335975345238956,1
46,40556,968074,0,9583,12,0.2362905611993293,0
56,74042,1589582,11,574675,10,7.761473217903352,1
21,33099,593576,13,285248,14,8.618024713737576,0
28,124089,915256,10,536512,9,4.323606443762139,1
55,191168,1707289,1,449274,8,2.350152745229327,0
35,159302,50917,8,227444,8,1.4277535749708101,1
42,175081,1960610,1,340716,19,1.9460478292904426,0
34,48866,1062544,12,466690,0,9.550403143289813,1
46,120400,901007,2,266285,16,2.211669435215947,1
48,99246,908950,6,678710,11,6.8386635229631425,1
43,91975,827475,2,468298,9,5.09157923348736,1
34,187927,1137680,8,136149,4,0.7244781218238997,1
44,96557,723422,5,570303,17,5.906386901001481,1
22,152488,329143,2,171929,14,1.1274919993704422,1
46,87516,312091,8,756556,5,8.644773527126468,1
34,164130,1553637,0,190912,6,1.163175531590812,0
27,186790,453157,9,5577,16,0.029857058729054017,1
23,47602,635457,2,50711,5,1.0653123818326962,1
43,173588,1253118,0,563739,7,3.247568956379473,0
38,144295,1228320,1,493027,11,3.416798918881458,0
58,102969,1995692,11,704463,13,6.841505695889054,1
55,147161,109821,7,421863,11,2.8666766330753393,1
35,183418,1316317,6,559119,9,3.048332224754386,1
45,156559,299265,1,249402,19,1.5930224388249796,0
57,15155,487651,1,755664,14,49.86235565819862,0
48,138950,1496321,8,244942,6,1.7628067650233896,1
30,82494,1312703,12,95119,8,1.1530414333163623,1
59,91229,324336,12,342776,9,3.757314011991801,1
37,119648,1434822,5,767754,9,6.416772532762771,1
59,53547,253834,4,748224,15,13.97321978822343,0
42,43795,1857402,9,585842,6,13.376915172964951,0
46,36447,1999902,5,50755,4,1.3925700331988915,0
45,182670,1185371,8,153412,2,0.8398313899381398,1
37,187886,1263735,10,588172,17,3.130472733466038,1
33,102960,378821,6,541770,10,5.261946386946387,1
40,78278,709987,14,54225,14,0.6927233705511127,1
45,70077,293877,9,189921,19,2.7101759493128985,1
24,127782,1297874,9,599142,4,4.688782457623139,1
30,117932,1597419,13,565544,11,4.795509276532239,1
23,155600,970759,8,240617,3,1.5463817480719795,1
38,196172,1811369,3,108721,14,0.5542126297330914,1
56,124869,186285,1,605398,8,4.848264981700822,0
42,154251,1200988,11,113606,6,0.7365008978872098,1
54,63781,1642268,7,538938,9,8.449820479453129,1
28,170024,166545,3,177190,12,1.0421469910130334,1
39,68798,1517172,12,28930,7,0.4205064100700602,1
57,113696,1320704,8,741067,11,6.517968969884604,1
26,65939,724533,14,260102,18,3.9445851468781754,1
46,44516,1806963,14,362544,0,8.144127953994069,0
54,156521,1908997,3,273945,15,1.7502124315587047,1
26,65290,835945,14,575648,16,8.816786644202788,1
57,141688,1468826,7,147631,17,1.0419442719214047,1
53,101661,336663,8,294478,10,2.8966663715682515,1
42,87954,831163,12,236545,17,2.689417195352116,1
41,37746,1907447,8,13288,6,0.3520373019657712,0
26,82990,1479290,9,677758,17,8.166742981082058,1
26,73810,1044453,3,207302,7,2.808589622002439,1
24,133362,64995,0,798623,5,5.988384997225596,0
50,161295,73559,14,280195,6,1.7371586223999504,1
31,148669,571244,2,61715,9,0.41511680309950294,1
50,17659,1449769,8,10737,10,0.6080185740981936,0
51,101516,448237,3,589428,12,5.806257141731352,1
44,89567,672288,4,680611,8,7.598903614054284,1
29,30037,1775055,6,182047,6,6.06075839797583,0
23,141498,494755,4,267291,8,1.8890090319297799,1
51,192810,538051,3,574796,12,2.9811524298532235,1
57,27109,875782,14,314368,2,11.596443985392305,0
56,37010,489439,1,281787,2,7.613807079167793,0
44,23787,1124093,14,301111,0,12.658637070668853,0
51,154544,1570445,1,103535,19,0.6699386582461953,0
26,169455,465466,12,296952,1,1.752394441002036,1
22,76709,1314134,12,512438,2,6.680285233805681,1
40,49518,526111,3,722648,14,14.59364271578012,0
48,68909,925564,9,583247,5,8.464017762556415,1
31,33351,534282,12,395065,12,11.845671793949206,0
24,199402,1558590,9,330322,0,1.6565631237399825,1
35,30282,1545991,12,722496,19,23.85892609470973,0
26,167850,1615615,14,191812,18,1.1427584152517127,1
50,170336,1944554,8,112255,0,0.6590209938004884,1
58,20075,571396,7,610610,1,30.416438356164385,0
22,194526,1204262,2,508522,14,2.614159546795801,1
35,43365,1711015,14,1132,13,0.02610400092240286,0
31,194272,1364047,13,693619,18,3.5703498188107394,1
28,26002,1743182,8,751972,10,28.919775401892164,0
46,28947,997272,13,259427,14,8.962137699934363,0
25,109840,769778,4,431779,5,3.9309814275309543,1
26,131219,1586178,10,485443,19,3.699487116957148,1
46,93610,1084451,2,633123,8,6.76341202862942,1
24,67142,1796724,4,142003,4,2.114965297429329,1
39,71307,1738809,12,782516,19,10.973901580489994,1
40,150565,1312032,9,597457,1,3.96810015607877,1
53,65085,358974,12,260529,5,4.002903894906661,1
40,49228,102446,3,443855,17,9.016311855041845,1
32,197947,1072582,7,253608,18,1.2811914300292502,1
21,177727,1506952,12,758673,8,4.268754888114918,1
46,58472,761943,11,714261,5,12.21543644821453,0
34,64437,1525790,4,624705,13,9.694818194515573,1
58,195488,994734,9,525332,12,2.6872851530528727,1
57,74711,190148,11,177763,10,2.3793417301334476,1
31,152888,1692205,7,231807,11,1.5161883208623306,1
56,92175,81085,8,24363,18,0.2643124491456469,1
33,79307,1416291,3,308838,18,3.8942085818401906,1
23,61733,1506507,6,394798,18,6.395250514311632,1
53,143202,574006,1,336473,12,2.349638971522744,0
26,110028,1489028,5,1620,13,0.014723524920929218,1
30,157312,1104326,7,324368,17,2.0619406021155413,1
25,107493,1998939,11,449871,11,4.18511903100667,1
43,140149,390912,6,95419,3,0.6808396777715146,1
30,178834,1610336,6,692894,9,3.874509321493676,1
22,23259,85903,7,496712,16,21.35569027043295,0
33,196211,1302137,6,726989,3,3.7051388556197153,1
22,143775,1713900,4,180324,11,1.2542097026604069,1
40,29849,662242,6,317953,12,10.652048644845724,0
21,96768,562493,12,546547,3,5.648013806216931,1
57,121108,1526106,13,20655,9,0.170550252667041,1
29,104709,1540017,9,450400,2,4.301444956976,1
37,69869,1055489,2,21602,14,0.30917860567633715,1
29,141888,919446,4,666470,1,4.69715550293189,1
31,78095,1526971,6,342962,16,4.391599974390166,1
35,132886,691593,14,525825,5,3.956963111238204,1
44,85910,1604209,8,410354,7,4.77655686183215,1
58,38567,1517130,14,780498,2,20.23745689319885,0
55,50292,1584227,1,701562,17,13.949773323789072,0
50,89813,250753,3,171236,0,1.9065836794228006,1
51,112136,82101,11,89743,15,0.8003049868017408,1
25,66631,52775,6,447875,6,6.721721120799628,1
34,24885,1734361,0,86155,2,3.4621257785814747,0
31,81314,540399,12,89846,3,1.1049265809085766,1
29,80087,95619,1,758795,8,9.474633835703672,0
54,175237,1350964,8,292706,4,1.6703435918213618,1
32,110998,462755,12,716112,18,6.45157570406674,1
55,64812,1856210,9,607337,14,9.370749243967166,1
55,196572,1942132,6,239647,7,1.2191309036892335,1
21,73643,115149,11,330825,5,4.492280325353394,1
42,59900,76616,9,289962,17,4.840767946577629,1
49,189018,796055,6,319849,18,1.6921615930757916,1
28,153923,1284215,5,544392,14,3.5367813777018378,1
31,31288,1791035,2,386480,6,12.352339555100997,0
57,87692,256903,9,652192,9,7.437303288783469,1
34,153440,1329894,2,626787,5,4.084899635036496,1
50,100436,1946807,1,751624,13,7.483611454060297,0
55,61403,1088218,10,424632,16,6.915492728368321,1
41,106170,402365,5,173084,8,1.630253367241217,1
57,24168,951311,3,524156,18,21.68801721284343,0
25,64879,337623,4,461261,4,7.1095577921977835,1
39,74871,411309,2,676760,6,9.039013770351671,1
34,47174,105863,5,310414,18,6.580192478907873,1
46,152653,1271691,10,203141,19,1.3307370310442639,1
24,125155,1967577,11,643703,6,5.143246374495625,1
45,86853,545654,2,443049,1,5.101136402887637,1
45,79046,1601899,13,194716,15,2.463325152442881,1
38,64678,1507200,14,604494,12,9.34620736571941,1
28,41649,827635,13,331612,7,7.9620639151000026,1
59,142795,763340,7,190545,5,1.3343954620259812,1
34,103668,1050460,8,431544,5,4.16275031832388,1
52,160639,328495,3,430000,8,2.6768094920909618,1
58,104906,1233779,14,23723,3,0.22613577869711932,1
53,111019,297908,8,721615,10,6.499923436528882,1
43,93002,881257,11,524362,4,5.6381798240898044,1
35,43803,1896357,6,779533,16,17.796338150354998,0
53,164302,1290579,2,288642,19,1.7567771542647077,1
45,163934,1929262,6,720882,6,4.3973916332182466,1
37,189427,1923233,13,621169,14,3.279199902864956,1
53,177331,1596175,0,413757,14,2.333246866030192,0
22,45795,1373173,2,570217,13,12.451512173818102,0
34,23770,1772750,5,123199,12,5.182961716449306,0
59,26093,1772199,3,231525,10,8.873069405587705,0
26,192643,651982,6,288172,12,1.4958861728689856,1
26,146265,1638599,13,29545,8,0.20199637644002325,1
23,115311,983334,2,603857,9,5.2367683915671535,1
27,32569,1932901,0,31673,3,0.9724891768245878,0
28,26190,750033,8,424190,16,16.196639938907982,0
35,77824,963438,14,452115,13,5.809454666940789,1
49,188824,794822,5,416313,17,2.2047674024488413,1
53,178399,619354,7,355288,10,1.991535826994546,1
50,57070,1854251,2,326968,15,5.729244787103557,1
59,55197,184445,7,23525,0,0.42620069931336846,1
47,17261,453551,1,582092,6,33.72295927234807,0
56,172584,991245,11,146115,9,0.8466312056737588,1
49,152788,1895700,3,566134,8,3.7053564416053617,1
58,101795,619829,2,77261,2,0.7589861977503807,1
53,43933,1263705,9,757600,13,17.244440397878588,0
57,150450,641271,0,500827,14,3.3288600864074445,0
47,55583,1773519,14,184100,1,3.312163791087203,1
53,127082,203837,12,7265,13,0.057167812908201006,1
24,100371,764647,12,206724,15,2.059598888125056,1
42,175105,957179,6,15733,6,0.08984894777419263,1
22,170072,921535,10,615326,3,3.618032362764006,1
30,126032,1833611,9,299564,17,2.376888409292878,1
25,57604,227597,1,664607,4,11.537514755919728,0
30,110074,1792166,3,458365,5,4.164153206025038,1
53,88869,1085408,8,21058,6,0.2369555187973309,1
58,20410,1511312,5,246301,14,12.06766291033807,0
33,98375,528454,7,297073,0,3.019801778907243,1
51,111055,1543726,1,162434,3,1.4626446355409481,0
56,152868,1386286,6,610777,0,3.9954535939503364,1
44,101716,909625,5,608952,10,5.986786739549333,1
35,69245,546440,12,702716,17,10.1482561917828,1
49,58056,1521926,13,77597,13,1.3365888108033623,1
28,163781,1502137,8,792473,10,4.838613758616689,1
25,73557,826372,6,78209,9,1.063243471049662,1
49,32543,695303,0,782397,16,24.04194450419445,0
24,183490,222257,13,192941,3,1.0515068941086707,1
32,111038,1869400,7,676419,14,6.091779390839172,1
22,162796,1322597,10,624152,15,3.8339516941448193,1
47,18828,1753820,9,148620,12,7.8935627788400256,0
51,131656,1693608,14,408294,8,3.1012183265479734,1
56,32087,345599,2,398635,10,12.423567176738242,0
56,158677,1607009,13,166562,10,1.0496921418983218,1
46,46337,995522,1,207158,5,4.470682176230658,0
47,151554,366363,11,639446,0,4.21926178127928,1
25,80333,882423,2,1468,5,0.018273934746617204,1
40,197024,647904,10,286453,12,1.4538990173785935,1
31,151535,1710302,5,72255,4,0.47682053650971723,1
30,85448,166841,12,782366,14,9.15604812283494,1
58,19648,1763422,13,553006,17,28.14566368078176,0
26,145576,219934,2,225409,19,1.5483939660383579,1
28,48623,1875598,9,239967,13,4.935256977150731,0
43,50634,1681734,4,693201,14,13.690425405853775,0
46,190674,1185270,5,738925,4,3.8753317180108455,1
32,129598,287068,7,368697,3,2.844928162471643,1
46,64334,880288,6,375595,1,5.838203749183946,1
33,83648,151407,13,247113,6,2.954200937260903,1
38,37054,1592536,10,787199,9,21.244642953527286,0
45,85028,1654243,7,397111,15,4.6703556475513945,1
53,37207,901161,2,582314,9,15.650657134410192,0
32,96554,1520170,3,567256,17,5.875012946123412,1
56,167458,1335076,5,695457,16,4.153023444684638,1
24,98276,628641,10,408548,12,4.157149253123856,1
25,67781,755356,6,145693,0,2.1494666646995473,1
57,198852,1899039,8,601158,0,3.023142839901032,1
28,190271,1309720,12,542462,14,2.850996736234108,1
48,76035,1688846,0,564790,0,7.428026566712698,0
51,23210,86683,12,298818,5,12.874536837570012,0
29,59363,1212667,14,561548,12,9.459562353654633,1
49,93279,167797,7,722969,0,7.750608389884111,1
34,168504,1509410,7,704824,4,4.182832455015904,1
42,149393,1629451,5,596093,8,3.9900999377480875,1
31,96348,374934,3,195991,16,2.034198945489268,1
43,183455,1392200,2,783924,15,4.273113297538906,1
21,128816,1852466,10,185541,7,1.4403567879766488,1
57,138053,1774463,2,17194,16,0.12454636987244029,1
41,198965,335713,5,682171,14,3.42859799462217,1
46,181892,847583,12,655152,0,3.6018736393024433,1
56,81262,514310,7,518953,11,6.386170657872068,1
43,149832,1288822,6,568011,4,3.790985904212718,1
21,168262,1667603,10,231408,5,1.375283783623159,1
35,82411,607242,0,468451,0,5.684326121512905,0
41,38377,1080488,10,242113,0,6.308804752846757,1
29,192809,818223,5,76298,9,0.3957180422075733,1
29,53211,159373,6,583526,9,10.966266373494202,1
30,18744,608988,11,259425,2,13.840428937259922,0
46,39995,1060540,6,629721,16,15.744993124140517,0
55,163049,1222304,8,510609,18,3.131629142159719,1
45,49542,903220,10,107092,10,2.1616406281538896,1
46,25651,1693909,10,264291,17,10.303341000350864,0
31,114239,1529634,9,229991,1,2.013244163551852,1
58,93931,1767836,4,300589,8,3.2001043319032054,1
22,117112,964424,0,709163,16,6.055425575517454,0
27,31715,916491,1,192180,13,6.059593252404225,0
38,190481,1624745,14,630458,3,3.3098209270215926,1
47,170378,969134,3,347761,16,2.0411144631349116,1
54,165158,1905797,4,213482,16,1.292592547742162,1
47,160448,1486803,8,641404,11,3.997581771041085,1
37,76350,138059,10,664093,19,8.698009168303864,1
44,86425,1837430,14,795911,17,9.209268151576511,1
45,182708,882583,0,599649,2,3.2820073559997374,0
27,101120,492136,2,676664,10,6.691693037974684,1
26,129889,1732252,4,428910,17,3.3021272009177065,1
44,197721,248303,2,124232,3,0.6283197030158658,1
53,180682,561162,3,81171,16,0.4492478498134845,1
49,156130,523573,14,376295,17,2.410138986741818,1
42,89637,1363982,13,86296,4,0.9627274451398418,1
46,85194,379125,2,140562,13,1.6499049228818932,1
48,91917,957383,3,152324,9,1.6571907264162233,1
41,79200,959531,13,498506,14,6.294267676767677,1
27,120848,1180548,14,662222,0,5.479792797563882,1
37,121022,1436205,12,241535,15,1.9957941531291832,1
40,192691,1153298,12,332103,10,1.7235003191638427,1
40,163226,1974507,14,403666,19,2.4730496367000354,1
42,165611,231890,14,318166,5,1.9211646569370393,1
48,75058,997436,0,783258,15,10.435369980548376,0
27,77068,1367621,11,171999,1,2.231782322105154,1
21,114932,167473,7,755737,0,6.5755142171022865,1
52,176445,1590815,3,311997,8,1.7682393947122332,1
33,179226,320741,6,31826,11,0.17757468224476358,1
50,152103,1490351,1,712625,16,4.685147564479333,0
43,37785,1621836,1,596649,14,15.790631202858277,0
39,174741,1948917,5,240028,18,1.3736215312948878,1
52,109475,908823,13,340134,9,3.106955926010505,1
50,17282,789574,1,351931,11,20.364020368012962,0
49,180696,375437,14,217256,13,1.2023287731881172,1
49,194510,1866760,14,40736,8,0.20942882114030126,1
50,82534,206877,5,286674,12,3.473404899798871,1
36,177777,1583471,10,209124,2,1.1763276464334531,1
39,184316,1634738,14,178130,13,0.9664380737429198,1
38,89964,1847001,1,630368,9,7.006891645547108,0
21,183509,922834,3,467310,15,2.546523603746955,1
34,134006,1899087,6,336399,6,2.5103278957658612,1
22,65583,493066,7,660246,3,10.067334522665934,1
48,53392,384923,14,388742,19,7.280903506143242,1
50,22461,669696,2,224793,10,10.00814745558969,0
58,115123,1743470,13,642911,15,5.584557386447539,1
24,25516,170062,14,299531,19,11.738948110989183,0
21,163586,1110676,12,676935,3,4.138098614795887,1
28,136251,1417741,8,636548,16,4.671877637595321,1
49,182340,1082499,1,432859,12,2.3739113743555995,0
59,182860,1773736,7,453572,10,2.4804331182325274,1
23,77493,1488846,7,401072,2,5.175590053295136,1
52,51027,1293048,12,431385,8,8.454053736257276,1
30,108547,928878,13,691150,5,6.367287902936055,1
30,188921,1914445,3,293132,10,1.55161152015922,1
39,115127,284196,0,503195,15,4.3707818322374425,0
54,163930,257609,12,338592,18,2.0654669676081254,1
53,94003,725302,0,375574,4,3.9953405742369923,0
43,198467,333006,1,743264,13,3.7450256213879385,0
48,54758,323813,13,460522,16,8.410131852879944,1
52,69312,957651,14,665329,2,9.599044898430286,1
27,83670,759132,11,274548,3,3.2813194693438508,1
49,97279,1900924,13,402205,15,4.1345511364220435,1
28,30434,323022,8,458521,15,15.066077413419203,0
21,193847,839417,12,429199,3,2.214112160621521,1
23,90769,541121,1,765644,18,8.435082462074057,0
44,81677,1303296,1,170534,16,2.0879072443894855,0
43,98555,1664099,5,281504,12,2.8563137334483284,1
28,143379,331075,6,419503,0,2.9258329322983143,1
57,191806,1191452,12,196544,11,1.024702042688967,1
23,116665,574624,6,246512,3,2.1129901855740796,1
53,186675,879365,14,764325,10,4.094415427882684,1
48,83803,1052403,12,34160,4,0.4076226388076799,1
28,185404,1406256,8,268933,1,1.4505242605337534,1
54,106703,643792,5,158253,16,1.4831166883780211,1
55,36312,673502,13,669745,7,18.44417823309099,0
52,190251,1280796,7,65641,5,0.3450231536233712,1
44,132961,163936,10,610961,8,4.595039146817488,1
34,55379,66279,5,231322,12,4.177070730782426,1
52,32297,1298313,1,267688,10,8.288323992940521,0
36,17011,1202327,0,771143,15,45.33202045735113,0
24,135234,1465153,4,406491,15,3.0058343316029994,1
57,59014,1169962,13,760649,1,12.889297454841223,0
41,157810,136124,8,587536,9,3.723059375198023,1
34,109333,1466470,7,296694,11,2.7136729075393524,1
51,193570,1962493,13,412857,7,2.1328563310430337,1
38,26120,386199,12,202821,10,7.764969372128637,0
27,154839,141911,3,780237,9,5.039021176835293,1
30,37852,935050,4,277749,12,7.337762865898764,1
27,94239,1569065,12,496389,16,5.26734154649349,1
53,147001,772030,4,50713,6,0.34498404772756647,1
43,106575,1043978,5,413606,2,3.8808913910391745,1
41,110040,497244,2,337547,19,3.067493638676845,1
39,163510,1319670,4,528269,12,3.2308054553238335,1
39,194587,426036,1,381382,18,1.9599562149578338,0
56,20744,287723,9,95335,6,4.595786733513305,0
49,188489,1431848,0,107441,8,0.5700120431431012,0
38,153141,1509900,10,16984,18,0.11090432999653914,1
22,57359,888927,0,649868,12,11.329834899492669,0
21,165871,132806,9,415976,7,2.507828372651036,1
25,113746,1978193,6,656884,17,5.775007472790252,1
40,135906,781893,1,642742,1,4.729312907450738,0
31,22597,1328673,3,49402,17,2.186219409656149,0
22,62093,1024334,4,91656,17,1.476108418018134,1
23,183298,1042144,6,65614,10,0.35796353479034143,1
43,129650,247478,1,166963,0,1.2877979174701117,0
32,172489,537436,13,353153,13,2.0473943265947394,1
40,164765,1793455,5,433048,15,2.62827663642157,1
25,135956,1410369,0,307980,10,2.2652917120244784,0
57,130598,1788460,6,783077,0,5.996087229513469,1
58,199233,539709,8,655337,6,3.289299463442301,1
50,148241,1787821,4,794042,15,5.356426359779008,1
29,168124,487585,4,633669,13,3.7690573624229735,1
54,23036,1330780,3,486134,14,21.103229727383226,0
55,46778,407546,2,15791,13,0.3375732181794861,1
42,173806,867108,8,58047,10,0.33397581211235516,1
44,169245,900525,4,494064,15,2.919223610741824,1
37,176475,1539556,7,234898,18,1.3310553902819096,1
30,152416,231871,8,461122,16,3.0254172790258242,1
50,33800,391558,4,675025,5,19.971153846153847,0
43,40372,548512,9,70246,10,1.7399682948578223,1
52,76516,1453815,8,196936,16,2.573788488682106,1
37,35538,817442,1,234955,8,6.611373740784512,0
37,78918,1695171,8,348292,17,4.413340429306369,1
34,161045,525278,10,570178,16,3.54048868328728,1
29,86155,1980440,3,400010,11,4.64291103244153,1
22,74500,344067,5,557176,4,7.478872483221476,1
45,182647,429593,5,137821,10,0.7545757663690069,1
59,188333,544955,5,570819,3,3.030902709562318,1
29,125659,1334574,1,343130,3,2.730644044596885,0
42,42716,1570180,6,346140,2,8.103286824609047,0
24,149308,1932582,12,580305,16,3.8866303212152062,1
46,161920,1535183,5,497163,6,3.070423666007905,1
49,17352,1096195,10,57676,3,3.323881973259567,0
54,148004,696045,13,535848,12,3.620496743331261,1
43,91449,1676528,0,447617,11,4.894717274109066,0
57,23556,1952392,1,50468,0,2.142469010018679,0
31,101836,867459,6,687823,18,6.7542224753525275,1
26,151570,740824,0,451989,19,2.9820478986606846,0
38,65098,1395205,14,618634,17,9.503118375372516,1
41,127169,1358014,0,665078,10,5.229875205435287,0
56,155641,200528,0,717997,19,4.613161056533947,0
58,141060,518011,7,786460,2,5.575358003686374,1
54,145544,347698,3,47599,16,0.32704199417358326,1
37,15340,1407642,3,148469,11,9.678552803129074,0
57,190021,1374129,12,240270,9,1.2644391935628168,1
45,97302,774687,1,45406,7,0.4666502230169986,0
58,15138,796760,10,67560,14,4.462940943321443,0
32,146430,348783,10,516394,4,3.5265587652803387,1
43,134619,1329758,10,628431,3,4.668219196398725,1
42,100376,1555419,0,520112,19,5.181637044711883,0
41,114931,1904700,11,144575,18,1.2579286702456256,1
47,176726,1187613,9,54943,3,0.3108936998517479,1
51,171951,1832776,8,75839,14,0.44105006658873747,1
26,96532,1808136,6,606962,16,6.287676625367753,1
47,70778,798423,3,549633,11,7.765591002853994,1
54,52772,1287063,11,249495,2,4.7277912529371635,1
32,73478,68074,5,50390,9,0.6857834998230763,1
27,41762,720909,13,750401,14,17.968512044442317,0
30,159355,1390683,1,321701,9,2.0187694142009978,0
37,185492,1583248,6,1906,17,0.010275375757445065,1
46,70568,1850298,1,532249,0,7.542356308808525,0
41,100090,806967,9,157212,2,1.570706364272155,1
48,35219,626553,7,189773,11,5.388369913966893,1
22,72169,66061,7,339711,0,4.707159583754798,1
21,89965,1550018,0,342808,2,3.810459623186795,0
56,192912,1258458,12,81199,2,0.42091212573608694,1
46,190767,503222,7,785216,4,4.116099744714757,1
49,99754,687790,1,99764,18,1.0001002466066524,0
41,92988,1383520,5,122357,0,1.3158364520153139,1
31,165023,1476912,12,342873,3,2.0777285590493446,1
31,147379,552175,0,421777,3,2.861852774140142,0
56,95388,1355081,4,312712,16,3.278315930725039,1
59,105768,681516,10,619256,13,5.854852129188412,1
55,50428,256548,6,160576,17,3.184262711192195,1
54,107021,1561252,12,564585,0,5.275459956457144,1
44,133418,500983,9,610682,15,4.577208472619886,1
42,185047,1913062,0,461823,2,2.495706496187455,0
25,147212,518535,14,16939,8,0.11506534793359237,1
53,170914,546005,1,443931,3,2.5973940110230878,0
56,41421,750757,6,306604,4,7.4021390116124675,1
40,16708,1111809,5,199294,10,11.928058415130476,0
39,149702,816565,2,62119,8,0.41495103605830247,1
55,165667,533236,13,690681,2,4.169092215106207,1
37,91021,1779004,9,144258,5,1.5848870040979555,1
54,174380,902159,1,409675,10,2.3493233168941394,0
29,59789,1975618,9,218827,8,3.6599876231413804,1
46,41086,1431173,3,267201,14,6.503456165117072,1
22,31859,678423,2,149805,2,4.702124988229386,0
29,22684,1517624,6,150685,0,6.642787868100864,0
29,106088,420608,7,632900,19,5.965801975718271,1
37,147279,267314,1,377224,18,2.561288438949205,0
21,61099,587970,9,479498,13,7.847886217450368,1
45,81093,1584090,6,136260,16,1.6802929969294513,1
45,175761,204455,7,238178,13,1.3551242880957663,1
59,63651,1418880,5,259418,16,4.075631176258032,1
55,28893,798692,5,29680,13,1.0272384314539853,0
23,81418,335810,9,234433,11,2.879375568056204,1
57,140074,1419537,0,364446,15,2.6018104716078643,0
50,118065,1714062,3,467616,0,3.960665734976496,1
58,145351,477858,13,448934,12,3.088619961334975,1
54,53635,1664694,0,560733,5,10.454609862962618,0
32,110071,1594859,3,530084,16,4.8158370506309565,1
39,93518,584522,1,694491,11,7.426281571462178,0
57,121233,631904,10,401339,18,3.310476520419358,1
37,118651,321365,12,663582,5,5.592721510986001,1
30,87805,1241058,4,423041,6,4.817960252832982,1
32,174136,1833991,9,592610,0,3.4031446685349382,1
36,137813,766773,13,754534,0,5.475056779839347,1
44,94063,1099627,8,634388,4,6.744288402453675,1
39,17454,1995537,10,523321,5,29.982869256330925,0
28,35878,1699782,14,419204,15,11.684151847929092,0
51,197170,128116,11,99244,15,0.5033422934523507,1
41,159063,434370,9,491860,13,3.0922338947461068,1
37,83344,1327507,2,387932,0,4.654588212708774,1
43,119946,1405477,7,357395,12,2.979632501292248,1
57,51593,569385,2,130364,19,2.526776888337565,1
36,51304,1481728,5,410259,9,7.996627943240293,1
26,176458,1622138,3,468977,9,2.6577259177821353,1
28,128613,1831411,7,402968,8,3.1331824932160823,1
45,167155,276572,10,200065,12,1.1968831324220035,1
38,33354,181379,5,697976,2,20.926305690471906,0
45,37190,1679753,7,52127,17,1.4016402258671685,0
32,21142,1036399,0,786885,19,37.21904266389178,0
35,174470,276256,5,611650,1,3.505760302630825,1
46,198043,872376,0,273120,16,1.379094439086461,0
46,56862,935987,0,638464,18,11.228307129541697,0
52,199482,612422,7,99122,12,0.4968969631345184,1
30,165575,470539,14,332548,12,2.0084433036388343,1
36,140438,1607997,6,344076,0,2.45002064968171,1
27,63456,252834,2,621458,1,9.793526222894604,1
37,115167,1579017,5,339851,0,2.9509408076966492,1
43,97035,1326155,14,482863,4,4.976173545627867,1
46,23016,600242,8,217912,2,9.467848453249912,0
41,17384,760381,6,772466,6,44.43545789231477,0
42,161144,1450679,11,235851,12,1.4636039815320459,1
27,117239,801287,2,355933,17,3.035960729791281,1
34,126431,1833802,13,620804,6,4.9102198036873865,1
35,95018,1824363,13,532245,0,5.601517607190217,1
27,55510,1365712,12,507750,4,9.147000540443164,1
29,195005,576249,5,107724,16,0.5524166047024436,1
28,36826,586785,10,398008,7,10.807798837777657,1
43,83026,475767,3,275381,14,3.316804374533279,1
49,136668,1879310,13,403923,19,2.955505312143296,1
38,171590,849687,12,689566,3,4.018684072498397,1
51,39045,185639,2,527831,1,13.518529901395825,0
50,196948,1933855,8,699495,4,3.5516735381928224,1
59,105102,810177,9,247541,0,2.3552453806778177,1
55,66919,1801939,1,628935,4,9.398451859710994,0
38,114441,1118965,0,559319,5,4.887400494577992,0
59,173175,1274171,14,174001,1,1.0047697415908763,1
37,182260,1484522,13,327891,0,1.7990288598705146,1
34,151917,373720,1,451067,3,2.9691673742899085,0
51,182746,1094846,6,317455,6,1.737137885370952,1
44,133325,880351,9,505329,0,3.790204387774236,1
55,34337,787463,0,760691,0,22.153682616419605,0
54,168385,53358,5,65867,7,0.39116904712415,1
23,173015,400679,13,88780,19,0.5131346993035286,1
57,92949,551110,6,57196,15,0.6153482017020087,1
46,15276,1351133,8,597993,12,39.14591516103692,0
43,66151,257596,14,500653,17,7.568336079575516,1
59,163683,1877352,13,276735,19,1.6906764905335312,1
35,158016,680270,7,621535,9,3.93336750708789,1
24,67887,278129,5,704253,11,10.373900746829289,1
49,96442,1890706,2,727,0,0.007538209493789013,1
42,64847,378953,7,43822,9,0.6757752864434746,1
45,73653,667367,6,365543,8,4.963042917464326,1
33,71622,1154381,2,112113,2,1.5653430510178437,1
38,42810,212421,8,219606,18,5.1297827610371405,1
53,92842,1306425,11,392575,8,4.228420327007173,1
36,137225,911465,1,390732,9,2.8473820368008744,0
22,25503,288483,2,584379,18,22.91412774967651,0
55,99761,1983247,1,473594,15,4.747286013572438,0
54,183048,442551,12,154591,17,0.84453804466588,1
50,141439,1142617,0,410609,13,2.9030818939613545,0
33,26590,1916962,3,205603,2,7.732342986084994,0
33,156958,320146,4,179006,1,1.1404706991679303,1
38,158938,1430503,12,372949,0,2.346506184801621,1
52,81624,157524,5,159912,17,1.959129667744781,1
52,178864,268306,4,613655,8,3.430846900438322,1
55,155836,961289,0,13265,12,0.08512153802715676,0
59,135356,594026,2,398640,1,2.945122491799403,1
49,57727,1895711,0,413841,6,7.168933081573614,0
49,93471,163776,10,603910,15,6.460934407463277,1
36,23068,230494,4,684547,18,29.675177735391017,0
30,131923,242971,4,298073,14,2.2594467985112527,1
50,153367,979896,11,324036,10,2.112814360325233,1
45,187232,1929732,10,675899,0,3.609954494958127,1
59,26390,1917307,12,318774,6,12.079348237968928,0
40,121752,327785,5,221711,19,1.8210049937578028,1
25,166203,1440254,7,486626,7,2.9279014217553234,1
21,109754,318449,9,170457,9,1.55308234779598,1
50,90969,803622,11,655313,4,7.2036957644912,1
23,161110,1379502,0,611868,8,3.797827571224629,0
34,198399,1438977,3,339606,0,1.711732418006139,1
50,92064,286371,9,637684,1,6.926529370872436,1
24,36281,652251,10,359181,18,9.899975193627519,1
38,69189,696275,0,95310,13,1.3775311104366301,0
57,63511,1774502,8,156080,19,2.4575270425595566,1
45,137115,174591,10,311072,9,2.268694161834956,1
21,23605,642054,6,738456,8,31.283880533785215,0
35,115318,580799,6,89876,9,0.7793752926689675,1
29,147453,689104,11,549264,5,3.725010681369657,1
35,34810,550981,4,769302,16,22.10002872737719,0
44,170394,823720,6,387128,5,2.271957932791061,1
24,56869,993681,11,682986,3,12.009812024125623,0
32,47955,316909,14,360400,19,7.515379001146909,1
57,76388,1250002,1,362681,2,4.747879248049432,0
57,25207,1384649,13,190861,18,7.571745943587099,0
26,174292,1258468,12,633619,17,3.635387740114291,1
59,37031,1210152,3,719005,3,19.41629985687667,0
44,95807,1521315,13,251666,7,2.6268017994509796,1
31,86312,1693952,13,269670,16,3.1243627769024007,1
33,74766,1033667,6,628151,4,8.401559532407779,1
54,158521,1176101,2,199121,12,1.2561174860113171,1
45,104833,63780,1,335510,0,3.2004235307584445,0
27,126041,318733,9,452333,12,3.5887766679096487,1
24,131185,930096,1,56096,3,0.42760986393261424,0
28,192164,1013443,12,663270,13,3.451583022834662,1
40,25350,1543285,0,50248,2,1.9821696252465484,0
49,115859,154188,4,205728,4,1.775675605693127,1
30,83487,667614,11,79888,6,0.9568914920885886,1
54,163694,877385,5,206354,0,1.2606082079978496,1
46,138853,640073,5,240346,11,1.7309384745018113,1
23,68117,1642173,8,618821,10,9.084677833727264,1
26,116084,1677059,3,41954,7,0.36141070259467284,1
25,38782,1124477,0,351863,5,9.072843071528029,0
25,43454,1777512,5,664164,1,15.284300639756985,0
43,82904,1523300,14,748065,18,9.023267876097655,1
29,144936,517927,4,262739,19,1.8127932328752001,1
55,161664,1648328,9,291736,19,1.8045823436262867,1
40,168245,1376980,5,564931,13,3.3577877500074296,1
55,179276,699285,2,254793,0,1.4212331823556974,1
38,181668,347584,1,324809,9,1.7879263271462227,0
37,180396,1455802,5,268116,15,1.486263553515599,1
44,137258,942015,12,278026,3,2.025572279939967,1
23,126668,630971,0,721754,10,5.6979979158114125,0
52,139184,436350,6,464271,15,3.335663582020922,1
55,176822,222502,6,679129,19,3.84074945425343,1
58,31566,1606570,9,549308,0,17.401888107457392,0
33,153262,1779041,12,364765,15,2.3800093956753794,1
45,53333,1701348,6,44912,18,0.8421052631578947,1
29,136929,824107,14,12879,8,0.09405604364305589,1
24,104571,904741,11,558086,8,5.336909850723432,1
34,135263,882359,10,632079,8,4.67296304236931,1
57,147661,1305062,9,483042,16,3.271290320396042,1
54,40235,1927954,0,701433,11,17.43340375295141,0
31,15159,962935,14,337935,12,22.292697407480706,0
23,158217,499777,3,487947,7,3.0840364815411743,1
48,177993,191449,12,658210,15,3.6979544139376266,1
49,119859,627880,6,159472,17,1.3304966669169607,1
29,162309,1236995,10,798385,0,4.918920084530125,1
23,122507,345920,8,630698,0,5.148260915702776,1
45,154316,971287,4,649443,11,4.208526659581637,1
54,29743,1678662,12,154607,5,5.19809703123424,0
32,61101,185370,1,730896,8,11.96209554671773,0
29,136534,906636,6,468255,4,3.429585304759254,1
35,99227,922639,9,252712,15,2.5468068166930373,1
45,86126,1985364,0,4055,17,0.04708218191951327,0
25,71071,498377,6,300314,16,4.225549098788536,1
31,89763,897084,5,229016,17,2.5513407528714502,1
54,158309,541830,6,762945,0,4.819340656564061,1
44,161721,966004,13,290395,18,1.795654244037571,1
35,183785,293767,12,660284,7,3.592697989498599,1
58,191481,1643786,9,48037,2,0.250870843582392,1
28,194838,477244,2,92115,4,0.4727773842884858,1
25,61154,554677,14,472032,7,7.718742845929947,1
46,22016,1512108,2,482870,18,21.93268531976744,0
38,194760,913428,6,70400,17,0.36147052782912303,1
26,104678,1508760,12,623813,17,5.959351535184088,1
57,127056,866698,1,363308,0,2.8594320614532176,0
33,69238,568895,0,223457,14,3.2273751408186255,0
48,73608,1325393,8,748462,17,10.16821541136833,1
25,104081,467216,8,141774,6,1.3621506326803163,1
33,177969,981515,6,15385,15,0.08644763975748586,1
37,65961,1101442,6,795768,15,12.064219766225497,0
52,190829,162669,2,560309,14,2.9361837037347573,1
49,41917,842330,9,508670,5,12.135171887301095,0
23,168808,330539,14,117369,8,0.6952810293351026,1
54,42990,1792955,1,744990,6,17.329378925331472,0
47,77551,1070747,10,573399,13,7.393831156271357,1
33,168512,316150,6,89402,10,0.5305378845423472,1
53,181277,739753,8,644062,15,3.5529162552337032,1
26,95811,1895964,0,253724,5,2.6481719218043858,0
44,70103,493258,12,739945,15,10.55511176411851,1
39,187699,539415,13,227600,19,1.2125797153953937,1
36,121122,997135,3,704397,15,5.8155991479665134,1
48,34008,1456396,5,473319,11,13.91787226534933,0
53,47402,696012,6,649983,16,13.712142947554955,0
33,199456,1685765,9,134585,4,0.6747603481469597,1
45,151865,943659,6,770543,12,5.073868238237909,1
56,151643,774857,9,668695,7,4.409666123724801,1
47,162281,538029,1,699500,4,4.31042451057117,0
58,128550,1740056,13,104126,11,0.8100038895371451,1
27,189220,222646,3,735733,8,3.88824120071874,1
25,106218,1392137,4,601946,2,5.667080909073792,1
51,148296,400164,13,165912,2,1.1187894481307654,1
43,194767,1444359,11,631121,0,3.2403897990932755,1
30,135779,1556798,0,118637,17,0.873750727284779,0
52,144714,1193457,0,617508,11,4.267092333844687,0
50,47441,292934,9,26393,8,0.5563331295714677,1
59,185201,182659,2,581768,8,3.14127893477897,1
51,77368,1744552,14,479551,17,6.198311963602523,1
38,107122,551323,14,664467,17,6.202899497768899,1
56,59760,689872,9,521397,6,8.724849397590361,1
22,38478,1808646,2,792425,3,20.594235667134466,0
34,142881,1971575,11,93650,12,0.6554405414295813,1
33,86854,797108,7,758685,16,8.735176272825662,1
49,109230,912318,8,518196,1,4.744081296347157,1
32,100716,986320,14,52066,13,0.5169585765916042,1
59,158252,1839760,13,373994,2,2.363281348734929,1
22,113538,865864,10,16138,4,0.1421374341630115,1
52,30372,1278265,11,118558,13,3.903529566706177,0
33,44796,1433093,0,258480,2,5.770158049825877,0
47,113826,1263865,13,437743,6,3.845720661360322,1
37,135592,1381604,10,271334,17,2.0011062599563396,1
51,108635,317598,1,78422,12,0.7218852119482672,0
54,126022,1697824,9,711058,9,5.642332291187253,1
44,69040,1200997,1,606603,12,8.786254345307068,0
55,90357,1336821,14,29086,15,0.32190090419115286,1
26,93356,1666482,3,125604,8,1.3454303954753846,1
39,31211,1051452,1,119324,1,3.8231392778187177,0
50,120426,1145687,6,476785,4,3.9591533389799545,1
27,20842,482829,12,740970,16,35.55177046348719,0
30,81852,266750,14,391065,3,4.777708547133852,1
52,140737,170592,8,3435,16,0.02440722766578796,1
54,60968,284000,6,160014,8,2.6245571447316625,1
48,32508,830277,11,714995,19,21.994432139780976,0
35,168077,372137,5,422275,1,2.512390154512515,1
50,69575,1227228,14,712917,17,10.246740927057132,1
57,165043,976352,9,375601,10,2.2757766157910364,1
49,171671,558069,0,426042,12,2.4817354125041504,0
42,81914,1701536,10,292441,7,3.570097907561589,1
24,82055,1873215,9,568178,0,6.924355615136189,1
40,102697,902557,8,283466,16,2.760216948888478,1
52,121239,1316092,4,560027,11,4.619198442745321,1
56,138106,429653,10,402935,3,2.9175778025574557,1
24,20355,1160178,4,603841,12,29.665487595185457,0
47,69120,253117,5,8314,8,0.12028356481481481,1
37,53342,287069,8,618119,6,11.587848224663492,1
32,17257,616510,12,369802,4,21.42910123428174,0
42,42364,1934231,7,641462,4,15.141676895477293,0
37,171044,1339660,7,146429,16,0.8560896611398237,1
30,126715,1340894,13,229937,8,1.8145996922227046,1
21,41654,1688197,7,544653,5,13.075646996686993,0
42,96423,758092,0,301173,18,3.123456021903488,0
46,44320,1483370,0,263881,15,5.953993682310469,0
38,35808,1147996,7,393186,1,10.98039544235925,1
34,67389,649792,4,729992,9,10.832509756785232,1
49,133581,1625326,8,609762,15,4.56473600287466,1
32,142927,321604,1,340362,4,2.3813695103094585,0
56,49773,673607,8,779966,14,15.670463906133847,0
55,197240,1879538,11,158571,12,0.8039495031433787,1
32,173819,714635,13,765387,12,4.403356364954349,1
27,91396,718629,7,241474,12,2.6420631099829315,1
49,122692,1752457,8,128692,14,1.0489029439572262,1
31,72505,1221248,3,762790,13,10.520515826494725,1
53,100896,1557734,0,701517,7,6.95287226450999,0
26,33135,1433640,0,390555,10,11.78678134902671,0
35,105887,563953,4,172106,17,1.625374219687025,1
52,137118,1907561,1,294,3,0.002144138625125804,0
31,62377,467582,13,98185,9,1.5740577456434262,1
43,169626,94036,7,797866,0,4.7036775022696995,1
46,77491,1247017,9,58382,4,0.7534036210656722,1
54,73283,192867,10,300242,12,4.097021137235102,1
54,31923,1168597,4,528943,0,16.569338721298124,0
49,62591,419349,4,607317,7,9.70294451278938,1
24,77261,1559946,1,308372,2,3.9913022093941315,0
37,69336,735503,6,3771,2,0.05438733125649013,1
55,89083,472641,12,336243,6,3.7744912048314494,1
33,75948,1973217,7,645099,3,8.493956391215042,1
59,179074,387283,9,320580,2,1.7902096340060534,1
35,41672,810592,12,107779,14,2.5863649452870034,1
49,19213,1628232,0,649179,7,33.788528600426794,0
49,156365,1758557,1,779085,2,4.982476897003806,0
31,77507,633117,9,485319,6,6.261615079928265,1
52,72134,441180,3,778760,17,10.796018521085758,1
22,148172,1552086,4,556664,10,3.7568771427800125,1
34,43172,851151,12,480674,10,11.133929398684332,1
40,35132,1652091,1,77924,16,2.21803484003188,0
42,33199,683718,0,553620,5,16.675803488056868,0
31,51609,450782,8,393145,7,7.617760468135403,1
47,189037,62306,13,571025,0,3.020704941360686,1
23,154088,628110,0,393056,9,2.550854057421733,0
37,185851,74042,12,89031,18,0.47904504145794213,1
48,46881,458302,14,467186,2,9.965359100701777,1
49,39472,722747,3,183024,3,4.636805837049048,1
41,197885,663712,1,283135,10,1.4308057710286277,0
36,182093,1281266,10,27472,14,0.15086796307381392,1
57,69131,797410,3,59946,0,0.8671363064327147,1
40,170159,199395,7,498782,8,2.9312701649633577,1
26,27828,1640883,7,263685,10,9.47552824493316,0
39,111664,911858,14,653525,18,5.852602450207766,1
25,147473,1663727,10,2765,12,0.01874919476785581,1
23,30193,1088457,11,305218,15,10.108899413771404,0
21,190936,685311,8,364939,3,1.9113158335777434,1
58,166379,1764219,12,684643,0,4.114960421687833,1
35,117518,985783,14,625675,19,5.324078013580898,1
54,34611,1407719,10,775404,12,22.403397763716736,0
55,189863,112780,14,493377,0,2.5985947762333894,1
45,158022,859340,11,673166,4,4.259951146042956,1
44,91240,1815520,4,789404,4,8.651950898728629,1
32,17745,1486998,6,673616,13,37.960890391659625,0
38,70243,1998010,2,366047,13,5.2111527127258235,1
35,18866,1542017,9,518790,7,27.498674864836214,0
36,178317,1791888,3,149725,3,0.8396563423565897,1
47,190796,1199282,9,627867,6,3.2907765361957275,1
28,143681,1791599,8,479885,19,3.3399336029120064,1
45,86354,172019,9,39339,18,0.4555550408782454,1
37,66374,421852,9,418973,14,6.312306023442915,1
49,129397,1815317,13,304543,3,2.3535553374498637,1
28,139577,229001,11,407922,18,2.9225588743131032,1
35,176188,845775,0,552197,8,3.134135128385588,0
47,96029,1961181,1,518993,12,5.404544460527549,0
27,108574,1198836,4,712932,13,6.56632342918194,1
23,166519,1269439,2,479095,13,2.8771191275470067,1
49,45431,734494,1,157541,9,3.46769826770267,0
44,163980,1079870,0,132385,15,0.8073240639102329,0
23,44336,1801037,9,401063,4,9.045989714904367,0
40,55992,643731,2,141002,5,2.5182526075153593,1
35,70350,804471,0,3285,1,0.046695095948827293,0
45,84561,369674,11,385781,12,4.562162226085311,1
50,66955,1538591,0,560151,12,8.366081696661936,0
34,76240,710187,11,147776,18,1.9383001049317943,1
27,166165,146143,0,655915,17,3.947371588481329,0
37,152227,1816589,7,545611,18,3.584193342836685,1
40,61607,194771,14,333112,0,5.407047900400928,1
56,179559,1070332,2,53915,7,0.30026342316453086,1
29,167035,1605289,10,371687,15,2.2252042985003144,1
58,196196,1058923,0,665979,1,3.3944575832330934,0
42,67870,950959,6,203462,7,2.997819360542213,1
22,79110,1870908,9,784278,5,9.913765642775882,1
44,199626,710673,2,507553,15,2.54251951148648,1
28,167008,1767534,7,466389,10,2.7926147250431117,1
31,131895,161362,3,373410,16,2.8311156601842375,1
33,19426,1869381,3,440924,18,22.69762174405436,0
37,42606,1389527,4,652329,10,15.310730882974228,0
28,193904,1823326,5,53019,7,0.2734291195643205,1
41,43151,226298,6,207226,3,4.802345252717203,1
38,26308,633838,13,233169,10,8.863045461456592,0
50,191743,523288,13,531661,7,2.7727791888100217,1
38,105306,315702,3,690641,8,6.558420222969252,1
51,121984,1042812,7,544475,1,4.463495212486883,1
58,17204,362257,12,622215,15,36.16687979539642,0
52,107769,1938007,5,762473,5,7.075067969453182,1
31,102265,1809814,13,346229,18,3.385606023566225,1
45,46131,1003847,0,117996,7,2.557846133836249,0
53,67428,1156795,0,563508,13,8.357180993059263,0
58,48870,1789122,8,392647,15,8.034520155514631,0
28,118547,1004470,9,515971,11,4.352459362109543,1
31,64067,739129,5,531930,4,8.302714345919116,1
42,127217,825292,9,79971,18,0.6286188166675837,1
44,167679,1880200,7,579844,17,3.458059745108213,1
37,171040,286495,12,426976,8,2.496351730589336,1
32,113934,1676082,6,517473,1,4.541866343672653,1
52,157980,331373,11,397597,19,2.5167552854791744,1
35,172495,1960217,5,751943,11,4.359216209165483,1
36,89707,1650741,3,412774,1,4.601357753575529,1
42,76215,239073,6,292926,9,3.843416650265696,1
48,64429,409281,8,266926,0,4.142948051343339,1
40,97152,874516,13,746777,3,7.686686841238472,1
53,123048,918212,10,185784,11,1.509849814706456,1
30,184530,1060396,9,236836,8,1.2834552647266027,1
52,192241,1246454,9,488161,3,2.5393178354253254,1
53,153731,269707,13,150534,8,0.9792039341447073,1
22,92240,291249,6,723879,5,7.847777536860364,1
53,178865,1135610,0,186278,0,1.041444664970788,0
53,128688,221389,9,97469,9,0.757405507895064,1
33,61473,1940476,8,571238,13,9.292502399427391,1
50,111762,1510886,12,395739,17,3.5409083588339505,1
53,121956,1811732,3,454142,5,3.7238184263176883,1
33,133452,1109165,14,140749,17,1.0546788358361059,1
46,141311,1155797,2,731188,19,5.174317639815726,1
42,22006,1354503,3,146161,15,6.641870398982096,0
59,89218,1886665,3,397797,14,4.458707884059271,1
22,179912,1459020,12,405123,15,2.2517842056116324,1
58,47430,691517,9,398825,7,8.408707569049126,1
59,38091,875963,10,706513,12,18.54802971830616,0
46,179055,626515,1,437359,10,2.4425958504370167,0
35,38989,315308,13,22936,6,0.588268485983226,1
54,90451,143078,11,501477,16,5.544184143901118,1
31,33990,877679,13,230596,17,6.784230656075316,0
23,105270,809401,0,619330,18,5.883252588581742,0
26,95360,624887,11,799595,12,8.385014681208053,1
29,51081,514761,9,782046,14,15.309919539554825,0
26,157105,1869231,11,177129,0,1.1274561598930652,1
29,123272,1608244,0,667897,15,5.418075475371536,0
59,31241,976921,12,546707,4,17.499663903204123,0
51,139932,1288227,13,730351,2,5.219327959294515,1
52,20939,1599317,7,645499,9,30.827594440995274,0
32,128000,118207,13,384906,18,3.007078125,1
28,193634,384199,1,205671,4,1.0621636696034786,0
28,50063,938698,11,525122,6,10.489223578291353,1
48,173117,1438990,9,294358,13,1.7003413876164675,1
40,190841,161426,4,748294,2,3.9210337401292175,1
27,62118,1609657,11,254870,12,4.10299752084742,1
31,99703,184794,3,493244,12,4.947132984965347,1
40,167697,1955450,7,776646,9,4.6312456394568775,1
36,143557,1456352,1,526701,1,3.668932897734001,0
24,42076,1793967,9,533793,5,12.686400798554995,0
26,59605,1833171,8,776041,7,13.01972988843218,0
42,99565,595726,6,133177,3,1.337588510018581,1
46,54121,633107,14,199176,11,3.6801980746845033,1
23,46433,93856,12,390447,14,8.40882561971012,1
34,58309,1525368,6,500850,7,8.589583083229003,1
31,82468,1926946,0,114897,6,1.3932313139642043,0
38,190326,492244,13,58408,13,0.3068839780166661,1
32,82293,1158383,11,168751,18,2.050611838187938,1
43,111258,886309,1,116908,13,1.0507828650524007,0
32,183925,540999,3,245993,12,1.337463640070681,1
33,53405,1142037,3,230168,0,4.309858627469338,1
45,58527,667762,10,604019,18,10.320347873630974,1
39,92227,395280,13,505421,0,5.480184761512356,1
56,146564,1381155,2,117798,3,0.8037307933735433,1
28,154883,1838053,6,641142,9,4.139524673463195,1
49,108344,457407,11,237902,2,2.1958022594698368,1
52,170344,921158,7,320847,19,1.8835239280514724,1
38,62153,1353306,1,474650,8,7.636799510884431,0
26,123042,1345308,3,63079,2,0.5126623429398092,1
38,69110,470602,13,545865,5,7.898495152655188,1
39,160051,1785657,2,787646,5,4.921218861487901,1
42,43328,1677650,1,310258,11,7.160681314623338,0
57,127911,325848,11,482450,0,3.771763179085458,1
52,27867,106635,12,516379,15,18.530125237736392,0
23,74234,969627,13,688340,4,9.272570520246788,1
48,40851,1451430,5,67194,8,1.6448556950870237,0
30,46279,815197,12,471022,9,10.177877655091942,1
55,88402,295984,3,112333,12,1.2707065451007895,1
49,30449,1423713,5,562080,14,18.459719531019083,0
35,91221,1211328,1,45807,11,0.5021541092511592,0
53,104080,1309770,11,517513,4,4.972261721752498,1
27,20451,278584,3,387410,4,18.943327954623246,0
32,102178,1517208,10,660501,17,6.4642193035682824,1
50,187388,182886,5,509698,11,2.72001408841548,1
41,78761,1177113,13,628580,2,7.980853468086997,1
51,53870,886690,4,647272,6,12.015444588824948,0
44,111566,1770444,2,538065,16,4.822840291845186,1
40,138749,135166,7,38346,18,0.2763695594202481,1
57,138765,1832852,6,619265,17,4.462688718336756,1
24,139881,425854,2,309963,0,2.215904947777039,1
48,176945,1396419,5,134917,4,0.7624798666252225,1
40,143389,358479,3,547578,1,3.8188285014889565,1
44,40372,1931814,10,374695,0,9.281061131477262,0
52,18642,914285,4,423915,6,22.73978113936273,0
56,174073,1817704,10,175324,10,1.0071866400877794,1
54,49064,347883,4,658653,10,13.424364095874775,0
56,29122,609073,6,643784,17,22.106448732916697,0
22,170892,213052,10,503150,16,2.9442571916766145,1
35,83431,806079,4,505180,1,6.055063465618296,1
54,70745,1586494,10,409824,6,5.7929747685348785,1
56,65081,1970024,14,390857,6,6.005700588497411,1
26,154783,1493401,2,197345,9,1.2749785183127347,1
59,164865,116253,9,602294,2,3.6532556940527097,1
32,154271,528697,4,770759,11,4.996136668589689,1
23,91253,665416,6,218980,2,2.3997019276078593,1
38,51191,211081,4,474869,10,9.276415776210662,1
41,25211,964013,4,276923,11,10.98421324025227,0
35,126086,685254,8,444256,3,3.523436384689815,1
53,167614,1236430,14,750190,15,4.475700120514992,1
55,177384,673640,2,449541,19,2.534281558652415,1
46,191314,469149,12,509163,17,2.6613995839300837,1
28,116971,1962162,5,639724,3,5.4690820801737186,1
56,108783,1762243,0,667538,5,6.1364183741944975,0
50,140681,797567,9,413151,14,2.936793170364157,1
43,102893,1860145,4,678387,0,6.593130728037864,1
34,173763,682585,7,451069,2,2.5958863509492813,1
34,92960,1829810,4,67359,4,0.7246019793459553,1
22,99388,612634,8,203460,16,2.0471284259669176,1
57,37601,1210714,10,277255,13,7.373607084917954,1
25,164092,362916,5,163384,8,0.9956853472442289,1
58,154227,90149,7,784681,2,5.087831572941184,1
34,182849,398844,9,286305,12,1.5658001957899688,1
59,34710,1781462,7,130466,2,3.7587438778450015,0
45,123714,933190,12,329457,10,2.6630534943498714,1
40,170604,1577504,2,181446,1,1.063550678764859,1
22,143727,178447,6,417230,14,2.9029340346629375,1
59,164673,511693,13,604596,12,3.6714944162066643,1
26,78227,1104271,6,765523,18,9.78591790558247,1
37,151039,1662033,13,411377,15,2.7236475347426823,1
45,99289,884379,9,632088,17,6.36614327871164,1
48,166094,1276872,11,400706,6,2.4125254374029166,1
22,189535,882297,5,381691,12,2.0138285804732634,1
55,20722,730913,11,762557,3,36.79939195058392,0
57,173485,1465221,6,24502,8,0.14123411245929043,1
25,96050,1421130,13,35757,9,0.372274856845393,1
21,98596,1464474,1,622561,8,6.314262241875938,0
32,81732,403039,8,582933,6,7.132249302598737,1
56,158369,992320,9,321199,14,2.028168391541274,1
43,83323,1808962,9,119815,7,1.437958306830047,1
51,38816,1411425,0,684266,18,17.628452184666116,0
31,55695,242994,0,363170,10,6.52069306041835,0
30,165774,1476420,2,332336,4,2.0047534595292387,1
23,171314,910346,13,181549,1,1.0597440956372508,1
34,70841,1100457,14,167973,9,2.3711268897954576,1
36,143498,359509,2,746631,15,5.203076001059248,1
30,122096,1619720,0,52021,12,0.4260663740007863,0
49,107764,1177787,11,29092,7,0.26996028358264357,1
30,199646,1037626,6,368987,8,1.8482063251955962,1
32,100744,1254654,3,657191,10,6.52337608195029,1
50,43482,1401918,9,312865,10,7.1952762062462625,1
21,24171,990335,12,290655,15,12.02494725083778,0
25,115755,1985657,1,72782,9,0.6287590168891193,0
40,123125,1524235,9,364206,11,2.958018274111675,1
28,145722,1009820,4,313651,5,2.1523929125320818,1
32,121082,1325779,5,648565,11,5.356411357592376,1
21,18696,769846,8,654287,9,34.99609542148053,0
40,141310,1759813,3,207580,17,1.4689689335503502,1
48,166130,1138129,1,769032,17,4.6290976945765365,0
57,166385,1605929,4,624416,3,3.752838296721459,1
57,34149,1496714,2,272827,8,7.989311546458168,0
32,145064,959210,1,547952,6,3.777312082942701,0
57,68521,710046,11,626652,17,9.145400680083478,1
48,60740,82766,0,775372,7,12.765426407639117,0
35,121611,1917014,9,164244,10,1.3505686163258257,1
26,151028,605710,1,476857,6,3.157407897873242,0
40,81641,953022,5,64340,8,0.7880844183682219,1
34,78811,324349,7,611524,7,7.759373691489767,1
22,198232,529806,12,11017,2,0.05557629444287501,1
29,197385,1253175,2,786167,16,3.9829115687615575,1
57,78232,1865419,10,554636,1,7.089630841599345,1
40,30417,1510235,14,409664,14,13.468257882105402,0
46,170801,1508316,8,271635,13,1.5903595412204847,1
49,127492,1477197,14,209720,17,1.6449659586483858,1
21,45099,1126778,11,121070,15,2.684538459832812,1
55,176033,489358,8,751917,19,4.271454784046173,1
26,158674,898124,1,262512,3,1.6544109305872419,0
57,133474,787744,7,35010,19,0.26229827531953787,1
25,24256,70855,9,560139,5,23.09280178100264,0
53,49681,526963,10,647049,5,13.024073589501016,0
34,106328,1814308,11,778928,10,7.325709126476563,1
32,58361,861527,4,686296,16,11.759496924315895,1
40,49540,1006228,3,603146,2,12.174929350020186,0
44,172608,361385,9,591293,12,3.4256407582499073,1
54,99700,677407,4,37493,2,0.3760581745235707,1
45,93532,1674867,3,725155,15,7.753015010905359,1
49,142626,1560171,7,691750,14,4.8500974576865366,1
59,148943,1193413,3,534580,10,3.5891582685993972,1
51,61002,273068,12,683725,17,11.208239074128716,1
43,64812,406427,9,523238,14,8.07316546318583,1
58,168698,983476,11,101735,4,0.6030599058672895,1
40,123946,173805,12,547200,15,4.414825811240379,1
43,81668,1978854,13,80771,15,0.9890165058529656,1
36,114003,859359,5,711932,16,6.244853205617396,1
28,57998,165657,1,631581,8,10.88970309321011,0
41,119601,903062,4,99083,2,0.828446250449411,1
21,191679,154428,5,637943,19,3.328184099457948,1
28,22812,172035,4,621747,12,27.255260389268805,0
49,76844,1544139,11,398750,2,5.189084378741346,1
52,148251,1329356,1,747365,6,5.04121388725877,0
58,189870,962676,13,232682,5,1.225480591983989,1
25,89601,1840146,6,428886,8,4.786620685036997,1
42,154347,119518,3,229171,11,1.4847778058530454,1
54,196646,226355,7,373839,14,1.9010760452793345,1
21,62857,1966334,6,167558,19,2.665701512957984,1
46,140555,717565,6,296412,2,2.108868414499662,1
30,35700,170243,8,107338,9,3.006666666666667,1
50,185536,1057378,0,474551,0,2.557730036219386,0
38,188423,1897756,9,288480,18,1.5310232827202623,1
37,108330,988601,5,790073,18,7.293205944798301,1
46,159941,446308,5,87132,12,0.5447758861080023,1
28,167026,1151887,5,295103,11,1.7668087603127656,1
32,177627,72692,12,144378,0,0.8128156192470739,1
47,78353,1747818,11,177254,18,2.2622490523655765,1
28,191098,729222,5,598411,15,3.1314351798553623,1
45,115772,442179,11,449542,14,3.882994160937014,1
24,193048,271468,9,752255,15,3.896725166797895,1
53,106502,1440227,6,545786,10,5.124654936057539,1
21,128943,130152,13,594486,5,4.610455782787743,1
39,124850,513685,9,500585,10,4.009491389667601,1
51,60095,1627790,5,27197,2,0.4525667692819702,1
36,160342,1058803,0,676079,14,4.216481021815868,0
34,176980,53969,2,108775,0,0.6146174709006668,1
25,30523,1134309,1,685388,6,22.454804573600235,0
46,77433,381999,5,111030,0,1.4338847778079113,1
48,193140,91743,7,316790,16,1.6402091746919334,1
22,34991,1753057,2,401752,8,11.481580977965763,0
26,25775,220948,9,641687,12,24.895712900096992,0
29,99995,943877,7,56747,10,0.5674983749187459,1
53,162745,70323,7,45712,19,0.28088113306092355,1
45,137808,1621869,4,399489,5,2.8988810518982935,1
33,173128,1377148,7,333964,0,1.929000508294441,1
29,152686,608866,5,125342,6,0.8209135087696318,1
33,22415,1709350,4,615516,11,27.460004461298237,0
51,189956,551793,8,336497,19,1.771447071953505,1
31,163036,376284,13,487707,18,2.9914068058588286,1
24,183798,1880314,6,92091,16,0.5010446250775308,1
54,52044,1730189,7,348058,3,6.68776419952348,1
58,183616,1968837,0,181902,2,0.9906653014987801,0
24,64976,318508,10,410343,0,6.315301034228023,1
58,178324,441011,1,246222,17,1.3807563760346335,0
39,18832,1527141,7,214560,14,11.393372982158029,0
26,49148,1754627,11,535827,7,10.902315455359323,0
54,127230,832259,8,702121,0,5.518517645209463,1
38,100076,1718462,3,275478,19,2.752687957152564,1
33,199531,1820403,11,794335,13,3.9810104695510975,1
43,53402,226968,9,421743,3,7.897513201752743,1
39,53578,107062,10,514906,4,9.610399790958976,1
31,105453,1326914,9,582296,12,5.521853337505808,1
21,168390,785122,13,476492,14,2.8296929746421995,1
44,90715,719221,8,361462,5,3.98458909772364,1
27,126435,1326485,3,419924,0,3.321263890536639,1
45,166538,556995,9,666220,18,4.0004083152193495,1
41,110742,138302,9,67300,12,0.6077188419931011,1
35,60475,1686792,9,391407,5,6.4722116577097974,1
21,75142,1083224,8,191285,14,2.545646908519869,1
32,172636,788591,10,376460,15,2.180657568525684,1
27,168484,615635,6,98971,15,0.587420763989459,1
35,108526,577409,1,38744,9,0.35700200873523397,0
41,66001,133793,8,378226,8,5.730610142270572,1
39,72649,1651028,3,319586,8,4.399041968919049,1
49,181589,337635,7,610278,16,3.3607652445908065,1
45,159228,633510,13,369061,16,2.317814705956239,1
53,169136,728525,6,234975,16,1.3892666256740138,1
52,40711,578036,12,527938,11,12.967944781508683,0
55,45106,1649417,14,569405,12,12.623708597525829,0
58,80458,1215123,6,789622,11,9.814089338536876,1
46,162661,634668,7,48113,13,0.29578694339761835,1
31,145429,94331,0,139861,9,0.9617132758940788,0
55,116754,801393,4,32125,18,0.2751511725508334,1
28,153286,1064348,1,229767,1,1.498943152016492,0
34,141479,1743481,1,392144,3,2.7717470437308718,0
30,173199,875992,14,690778,18,3.988348662521146,1
22,151213,1938873,0,178157,6,1.178185737998717,0
29,43884,1014190,4,543056,14,12.374806307538055,0
23,17708,650198,1,705321,14,39.830641517957986,0
41,33375,447891,3,343243,5,10.284434456928839,0
46,30088,1034210,2,253807,2,8.435489231587344,0
28,72615,550201,2,683245,5,9.40914411622943,1
22,125138,1600813,1,611709,15,4.888275344020202,0
26,191118,1091566,12,716442,1,3.7486892914325183,1
48,25014,1094863,5,793327,6,31.71531942112417,0
49,149345,1962994,1,181383,10,1.2145234189293248,0
46,193207,781576,13,744854,6,3.8552122852691673,1
45,117842,1108644,13,198139,3,1.681395427776175,1
32,176953,1677324,7,71017,19,0.4013325572327115,1
25,93077,937198,7,545648,6,5.862329039397488,1
54,154784,1669282,12,502394,3,3.2457747570808353,1
57,67874,1386926,13,614653,11,9.05579456050918,1
35,84087,1751044,11,609756,4,7.2514895287024155,1
56,27297,1885295,4,257137,18,9.41997289079386,0
35,42128,1120913,9,301075,4,7.146672047094569,1
43,83368,1250314,6,55823,18,0.6695974474618559,1
26,93958,297667,3,771279,2,8.208763490070032,1
41,47920,706521,0,736786,10,15.37533388981636,0
43,157228,1082321,10,18807,6,0.1196160989136795,1
36,157180,564241,1,663431,16,4.220835984221911,0
35,177917,937099,9,577701,8,3.2470252983132584,1
45,148872,1450791,9,681509,8,4.5778185286689235,1
56,188784,1196640,3,539828,9,2.859500805152979,1
31,148682,1006255,0,756572,12,5.088524501957197,0
35,92603,1467231,14,70248,14,0.7585931341317236,1
24,48872,1581181,12,252515,4,5.166864462268784,1
41,25728,457974,7,747097,2,29.03828513681592,0
33,110102,1557572,8,110494,7,1.003560334962126,1
42,137049,1869550,3,773931,19,5.647111617012893,1
39,35583,577466,9,609723,9,17.135233116937865,0
54,100774,606119,2,544075,12,5.39896203385794,1
34,153335,183248,1,283126,2,1.846453842893012,0
24,141374,1201882,4,250768,7,1.7737915033881761,1
47,165528,214726,13,546894,8,3.3039364941278815,1
49,106118,1877156,2,782920,11,7.37782468572721,1
48,80942,994131,9,772783,10,9.547367250623903,1
55,28689,757910,6,233867,1,8.15180034159434,0
28,179006,424169,10,112223,17,0.6269231198954225,1
36,48276,750270,5,571224,8,11.83246333581904,1
56,116968,140417,0,617574,1,5.279854319130019,0
50,165945,763611,11,561669,1,3.3846696194522283,1
38,28050,478638,7,383609,2,13.67590017825312,0
22,81216,1110560,1,413811,15,5.09519060283688,0
33,99040,1187888,4,568482,18,5.739923263327948,1
24,36644,242458,8,704737,3,19.23198886584434,0
46,77021,1181867,7,288997,17,3.7521844691707456,1
45,183197,843567,1,335863,19,1.833343340775231,0
50,57291,574608,8,151733,17,2.648461363914053,1
31,181132,1070462,4,523512,9,2.890223704259877,1
27,147610,1585963,9,705853,10,4.781877921550031,1
51,182248,727044,13,643012,16,3.528225275448839,1
30,56520,1023417,5,237777,19,4.206953290870488,1
59,40675,1973782,12,167567,15,4.1196558082360175,0
33,164359,465105,2,13703,19,0.08337237388886523,1
51,15174,1849785,12,58453,12,3.8521813628575194,0
27,107268,1458791,2,612766,1,5.712477160010441,1
56,49998,1802835,9,501738,1,10.035161406456258,0
40,199384,1353659,7,187063,13,0.9382046703847852,1
24,158184,1053466,10,376440,3,2.379760279168563,1
27,120410,684151,9,238411,16,1.979993356033552,1
21,90225,91777,9,402932,12,4.465857578276531,1
33,59814,96250,14,571386,3,9.552713411575885,1
42,100091,1958042,11,370579,2,3.702420797074662,1
41,65719,941372,1,51990,11,0.7910954214154202,0
42,144887,1400850,10,331065,7,2.2849876110348064,1
48,48919,525147,11,691898,1,14.143747828042274,0
29,88155,1803282,11,624860,5,7.088196925869208,1
46,86569,970041,1,761269,9,8.793782993912371,0
29,56328,1838698,12,269357,11,4.781937934952421,1
35,39618,65216,4,124693,9,3.147382502902721,1
30,49675,396293,5,175295,9,3.528837443381983,1
44,33919,577297,11,785786,2,23.16654382499484,0
28,19173,926336,1,330515,19,17.2385646482032,0
44,124369,1783263,14,68274,9,0.5489631660622823,1
36,41400,195281,4,266278,8,6.43183574879227,1
46,196517,753803,6,563889,19,2.8694158775067806,1
47,85305,1637893,9,277834,18,3.2569485962135865,1
57,183636,1559405,9,264053,13,1.437915223594502,1
24,191886,784803,7,353383,1,1.8416299261019564,1
44,103791,238069,11,342176,4,3.296779104161247,1
39,174034,1462891,6,536350,19,3.081869060068722,1
56,85533,164456,7,337530,7,3.946196204973519,1
59,118591,1423279,13,748597,6,6.312426744019361,1
30,156650,901324,11,690091,5,4.405304819661666,1
45,146060,906841,8,136225,10,0.9326646583595782,1
38,164696,869497,14,141553,11,0.8594804974012726,1
39,54194,1865335,4,99270,17,1.8317525925379192,1
56,124903,432688,12,718960,18,5.756146769893437,1
30,146461,1468060,4,609269,9,4.159940188855736,1
53,114303,83783,10,628758,13,5.500800503923782,1
25,128903,84152,9,683565,2,5.302940971117818,1
55,82391,1681605,3,88887,17,1.078843563010523,1
54,159866,1992057,12,343686,14,2.1498379893160524,1
53,73002,494718,8,142012,5,1.9453165666694063,1
41,50531,1651956,4,732154,9,14.48920464665255,0
37,198887,198725,13,286629,11,1.441165083690739,1
42,19986,541215,1,613587,6,30.70084058841189,0
57,47298,1853500,14,517537,16,10.94204828956827,0
35,16481,221541,9,394283,0,23.923487652448273,0
55,71408,1877000,7,240491,17,3.3678439390544477,1
48,136950,1447203,14,585885,14,4.278094194961665,1
27,162907,958017,6,257808,18,1.5825470974236835,1
52,140355,371898,7,767842,0,5.470713547789534,1
31,42798,735338,11,758271,4,17.717440067292863,0
30,106649,1186168,2,790417,14,7.411386885952986,1
29,79887,1455263,14,698412,2,8.74249877952608,1
34,34477,93169,14,150635,0,4.369144647156075,0
33,163338,1540079,3,702682,7,4.302011779255286,1
45,142815,104745,4,716605,11,5.017715225991668,1
22,189598,1733032,5,280752,18,1.4807751136615366,1
55,142426,688273,0,712585,11,5.003194641427829,0
27,157961,1088347,3,467210,12,2.9577553953190976,1
41,39335,1890551,10,252773,0,6.426159908478454,0
38,157326,1810328,11,279365,18,1.7757077660399425,1
23,101610,71067,9,389821,5,3.836443263458321,1
59,26442,101033,12,213678,7,8.081007488087135,0
31,61289,95256,4,421153,3,6.871591965931897,1
59,68747,795993,6,455651,4,6.627940128296507,1
44,52327,289455,12,180580,6,3.450990884247138,1
39,162271,552264,4,786064,3,4.844143439061816,1
24,87827,1298993,12,519911,19,5.919717171257131,1
46,121464,989695,12,172903,3,1.4234917341763815,1
58,146184,136803,0,436149,14,2.983561812510261,0
52,102051,1302390,10,440523,4,4.3166945938795305,1
59,165653,168843,6,703700,8,4.248036558347872,1
56,74722,529809,7,102951,1,1.377786997136051,1
57,107036,603280,12,305745,6,2.8564688516013303,1
53,162595,1311179,6,731316,16,4.49777668439989,1
56,81960,623091,10,72178,15,0.8806490971205466,1
23,34552,1470695,13,216383,16,6.262531836073165,0
29,156880,1817413,12,159826,19,1.0187786843447222,1
28,169692,194282,14,69893,1,0.4118815265304198,1
53,15887,526545,3,348943,10,21.964058664316738,0
26,46802,1124846,7,513223,1,10.965834793384898,1
59,100024,1553800,14,275345,0,2.7527893305606654,1
24,133639,1867793,4,275375,1,2.0605886006330487,1
33,133248,581740,9,256682,8,1.9263478626320845,1
22,96938,1402206,8,238886,1,2.4643173987497162,1
25,137746,1113435,11,435711,14,3.1631481131938495,1
47,41049,994740,11,414384,9,10.094862237813345,1
52,92789,999403,9,425840,14,4.58933709814741,1
41,99526,1654947,4,141707,9,1.4238189015935534,1
28,153918,1952716,0,534252,16,3.471017035044634,0
58,61220,1210038,11,421001,8,6.876853969291082,1
28,61163,1246311,8,750406,17,12.268953452250544,0
23,149837,1978084,11,738157,3,4.926400021356541,1
23,132126,299737,4,740150,8,5.601849749481556,1
42,96486,1379773,5,732288,15,7.589577762576954,1
26,191342,192157,3,12336,3,0.0644709473090069,1
22,90277,1450465,5,420628,15,4.659304141697221,1
43,119245,240167,11,82212,18,0.6894377122730513,1
22,137332,643805,7,45591,0,0.33197652404392275,1
58,37931,1775089,2,428670,5,11.30131027391843,0
37,104116,1234895,4,622825,9,5.982029659226248,1
55,70633,978057,1,289372,15,4.096838588195319,0
54,66913,1512603,13,14429,3,0.21563821678896478,1
43,109776,1325029,1,84294,12,0.7678727590730214,0
50,40991,973639,12,377721,15,9.21473006269669,1
28,119092,186645,6,184087,19,1.545754542706479,1
42,156633,1610611,9,331080,5,2.1137308230066463,1
56,162973,1092092,12,211979,10,1.30070011597013,1
25,110556,1702131,9,37310,2,0.3374760302471146,1
33,77875,1236837,13,626115,19,8.04,1
49,171989,392221,10,199899,9,1.1622778200931454,1
51,77120,486862,9,428472,0,5.55591286307054,1
36,148060,388767,5,207500,19,1.4014588680264757,1
50,125041,1229580,3,99862,10,0.7986340480322455,1
36,143467,1603763,4,301033,11,2.0982734705542043,1
32,160328,103687,0,313572,13,1.9558155780649669,0
37,133490,904744,6,372646,7,2.7915649112293055,1
36,141155,1206191,7,430423,10,3.049293330027275,1
32,43230,443120,8,574543,3,13.290377052972472,0
28,74778,601852,7,367968,6,4.92080558453021,1
40,60833,1913843,4,222603,9,3.6592474479312216,1
23,37625,1029091,2,791841,18,21.045607973421927,0
36,47088,581985,9,42438,3,0.9012487257900101,1
50,187239,654453,10,241482,1,1.2896992613718297,1
43,118937,1827858,8,765598,17,6.437004464548458,1
48,91361,984550,14,785372,13,8.596359496940707,1
